Genus,species_name,species,museum,MusID,sex,femur_head,NSA,NECK,L2,L4,FTA,PS,PI,AS,AI,total_area,SUP,ANT,acetab_diameter,pelvic_breadth,abduction,abducted_knee_position
Alouatta,caraya,Alouatta_caraya,AMNH,211496,1,14.99,110.25,18.99,146.09,14.67,71.50,138.57,102.98,127.61,116.69,485.85,107.37,86.86,16.94,31.79,45.63,152.44
Alouatta,caraya,Alouatta_caraya,AMNH,211498,1,16.38,121.20,20.21,149.87,16.26,80.75,172.09,124.49,151.54,155.92,604.04,104.30,84.41,17.60,33.58,49.98,156.93
Alouatta,caraya,Alouatta_caraya,AMNH,211504,1,14.71,106.80,18.25,152.22,12.01,72.98,117.92,79.65,126.78,113.96,438.31,109.31,102.23,16.46,30.39,50.38,162.26
Alouatta,caraya,Alouatta_caraya,AMNH,211508,1,16.03,122.57,21.38,143.59,18.19,77.73,140.96,119.81,141.39,136.65,538.81,92.92,88.15,17.73,31.80,48.76,160.83
Alouatta,caraya,Alouatta_caraya,AMNH,211510,1,16.14,121.82,22.98,143.23,19.64,77.51,166.62,134.18,146.65,147.63,595.08,100.78,93.87,17.52,33.08,47.53,161.28
Alouatta,caraya,Alouatta_caraya,AMNH,211495,2,14.01,121.72,17.87,126.44,15.11,77.49,119.01,84.64,106.52,108.59,418.76,97.62,92.43,15.38,35.95,42.16,137.10
Alouatta,caraya,Alouatta_caraya,AMNH,211501,2,13.79,116.54,15.72,126.12,11.68,80.60,114.71,84.40,99.09,98.19,396.39,102.59,88.55,15.59,28.72,49.23,139.02
Alouatta,caraya,Alouatta_caraya,AMNH,211506,2,13.87,123.30,19.25,132.81,14.94,84.53,114.01,77.93,113.74,110.91,416.58,98.99,97.61,15.70,28.08,56.06,155.53
Alouatta,caraya,Alouatta_caraya,AMNH,211512,2,14.27,120.56,18.18,136.93,13.47,87.89,130.71,85.83,119.88,120.42,456.85,108.42,96.33,15.70,28.65,57.73,160.69
Alouatta,caraya,Alouatta_caraya,AMNH,215060,2,12.76,128.78,18.38,135.07,15.41,88.42,84.31,61.57,88.60,86.78,321.26,99.96,100.56,13.65,27.54,60.98,162.65
Ateles,belzebuth,Ateles_belzebuth,AMNH,259,2,16.55,114.77,19.10,179.94,11.46,88.24,152.49,86.01,169.11,143.08,550.70,113.14,103.92,18.76,35.89,60.99,209.37
Ateles,belzebuth,Ateles_belzebuth,AMNH,202194,2,15.16,109.62,20.87,174.38,12.23,81.14,126.90,79.26,127.12,111.07,444.35,104.24,93.40,17.96,30.94,60.11,196.77
Ateles,fuscicepes,Ateles_fusciceps,USNM,338112,1,17.44,109.42,22.75,171.09,18.58,69.93,167.63,110.48,163.81,181.50,623.42,102.50,99.74,20.71,32.91,48.04,179.10
Ateles,fuscicepes,Ateles_fusciceps,USNM,338115,1,17.79,106.30,23.29,175.84,12.42,82.03,179.03,102.12,185.34,154.80,621.29,112.17,102.78,19.91,35.61,42.24,174.61
Ateles,fuscicepes,Ateles_fusciceps,USNM,338113,2,19.46,99.96,20.65,172.78,14.26,69.37,220.60,127.19,237.14,219.54,804.47,110.86,111.38,22.09,39.82,50.11,184.70
Ateles,fuscicepes,Ateles_fusciceps,USNM,338114,2,17.39,103.95,24.49,184.49,17.36,69.44,171.99,104.00,169.02,165.59,610.60,105.49,99.89,20.61,46.07,42.88,193.07
Ateles,fuscicepes,Ateles_fusciceps,USNM,338116,2,16.97,111.60,22.16,189.45,15.60,77.32,169.30,100.95,162.49,143.12,575.85,110.72,94.38,18.76,37.51,44.99,191.36
Ateles,fusciceps,Ateles_fusciceps,USNM,338111,2,17.40,120.15,20.03,180.46,16.09,81.15,160.94,106.55,166.52,153.36,587.37,103.37,100.42,19.74,36.38,62.49,212.54
Ateles,geoffroyi,Ateles_geoffroyi,USNM,244863,2,17.34,106.66,20.56,171.30,13.76,75.51,170.83,110.42,203.25,168.22,652.71,111.22,106.21,19.51,37.23,53.41,189.29
Ateles,geoffroyi,Ateles_geoffroyi,USNM,244869,2,15.21,116.72,21.65,170.59,15.68,82.04,126.26,78.92,133.92,131.06,470.16,102.77,105.37,18.09,32.16,51.66,184.39
Ateles,geoffroyi,Ateles_geoffroyi,USNM,276631,2,17.32,119.22,19.70,173.87,15.84,81.65,162.61,110.04,183.69,154.21,610.55,109.37,103.08,19.97,34.53,53.05,190.81
Ateles,paniscus,Ateles_paniscus,ZMA,12517,1,19.61,107.80,28.30,208.66,16.32,80.50,228.28,149.35,193.07,193.68,764.37,105.66,91.79,23.24,38.95,59.64,239.47
Ateles,paniscus,Ateles_paniscus,ZMA,12518,1,19.50,112.86,25.40,203.12,18.06,78.99,217.53,143.09,188.20,204.12,752.95,98.91,96.26,23.34,33.68,42.95,194.94
Ateles,paniscus,Ateles_paniscus,AMNH,35449,1,16.26,118.44,18.60,176.50,15.09,82.24,143.12,102.39,118.87,131.16,495.54,92.96,95.47,20.09,26.27,62.27,197.39
Cebus,apella,Cebus_apella,AMNH,188035,1,11.55,100.76,10.16,121.65,6.67,77.81,79.57,39.53,82.78,54.96,256.84,120.89,97.73,12.63,21.60,46.63,119.90
Cebus,apella,Cebus_apella,USNM,270361,1,11.50,107.99,11.51,120.66,9.37,76.30,73.06,42.24,71.28,64.60,251.17,111.32,93.90,12.82,24.17,39.68,112.24
Cebus,apella,Cebus_apella,USNM,361020,1,11.12,100.26,11.72,120.83,7.65,75.61,72.52,40.27,77.83,57.22,247.85,120.89,100.43,12.53,20.91,37.24,104.96
Cebus,apella,Cebus_apella,ZMA,12534,2,9.40,106.75,10.63,106.53,8.76,74.02,50.50,31.40,46.36,37.68,165.94,112.87,93.46,10.81,22.56,34.08,93.09
Cebus,apella,Cebus_apella,ZMA,12536,2,10.06,107.64,10.54,119.72,8.55,75.01,58.26,32.44,58.39,47.97,197.06,114.31,99.55,11.54,21.22,47.74,119.34
Cebus,apella,Cebus_apella,AMNH,188033,2,11.26,111.68,9.30,117.55,6.78,83.23,73.00,36.30,73.36,65.10,247.76,110.64,104.24,11.96,24.75,48.19,120.55
Cebus,apella,Cebus_apella,USNM,270360,2,9.88,105.52,8.17,111.23,6.98,74.02,56.27,29.85,56.09,44.27,186.49,119.39,95.03,10.87,20.33,41.97,101.35
Cebus,apella,Cebus_apella,USNM,547900,2,9.48,103.60,10.67,105.22,7.54,73.90,50.96,26.87,53.98,38.26,170.07,122.10,94.95,10.36,17.19,39.47,93.25
Cebus,apella,Cebus_apella,USNM,547902,2,9.90,108.78,9.64,118.53,8.23,74.92,57.95,36.51,55.66,49.87,199.99,110.03,98.67,11.54,23.47,43.45,114.78
Cercopithecus,mitis,Cercopithecus_mitis,USNM,452536,1,14.16,101.07,13.58,154.72,12.12,65.10,121.42,67.59,123.54,91.32,403.86,122.50,94.24,16.39,27.57,35.76,131.57
Cercopithecus,mitis,Cercopithecus_mitis,USNM,452538,1,16.17,110.34,14.12,158.27,16.20,64.37,145.76,61.06,140.00,115.36,462.18,109.02,100.11,17.59,29.94,36.40,138.90
Cercopithecus,mitis,Cercopithecus_mitis,USNM,452547,1,15.13,99.83,13.26,163.55,13.10,65.23,127.08,68.03,137.35,114.42,446.88,114.05,99.34,17.09,34.43,34.19,139.18
Cercopithecus,mitis,Cercopithecus_mitis,USNM,452553,1,15.69,103.68,17.09,162.36,15.12,64.23,154.77,73.83,158.05,142.01,528.65,115.16,107.43,16.83,30.87,48.90,164.02
Cercopithecus,mitis,Cercopithecus_mitis,USNM,452531,2,11.78,97.13,12.60,128.33,10.71,63.78,86.55,57.91,86.05,80.31,310.81,103.59,103.80,13.56,24.15,34.16,107.86
Cercopithecus,mitis,Cercopithecus_mitis,USNM,452537,2,13.27,104.21,11.70,138.43,12.35,64.36,107.00,69.44,106.79,93.38,373.17,110.54,100.85,14.67,30.88,46.91,142.29
Cercopithecus,mitis,Cercopithecus_mitis,USNM,452546,2,13.92,100.51,10.36,133.99,12.13,60.41,111.87,59.31,120.38,107.39,398.94,114.21,101.82,14.71,30.54,38.81,122.66
Cercopithecus,mitis,Cercopithecus_mitis,USNM,452557,2,12.75,90.25,11.50,133.97,10.43,58.61,97.60,37.73,99.95,73.33,308.61,124.72,101.99,14.43,28.91,32.01,110.11
Colobus,guereza,Colobus_guereza,USNM,452619,1,17.60,109.56,14.91,180.10,16.65,67.79,167.92,97.12,159.95,139.87,564.87,109.12,93.88,19.58,39.99,33.16,152.12
Colobus,guereza,Colobus_guereza,USNM,452620,1,15.58,102.30,15.01,180.45,10.49,74.67,136.78,80.03,138.00,105.00,459.81,113.01,93.15,16.73,37.29,26.88,133.15
Colobus,guereza,Colobus_guereza,USNM,452617,2,18.16,98.36,12.61,191.10,14.46,63.48,175.00,84.51,175.78,150.58,585.87,115.32,100.93,19.31,37.42,25.87,134.70
Colobus,guereza,Colobus_guereza,USNM,452632,2,16.07,99.36,11.76,179.25,12.27,63.30,141.05,62.34,149.79,113.30,466.48,119.00,102.45,18.13,33.39,37.85,151.34
Colobus,guereza,Colobus_guereza,KNM,om3085,2,17.14,107.84,14.18,181.83,13.38,69.38,158.42,81.31,166.93,135.97,542.62,116.17,99.88,17.82,35.84,38.77,159.65
Erythrocebus,patas,Erythrocebus_patas,AMNH,34712,1,17.01,107.68,14.74,178.74,18.44,64.43,182.20,114.75,162.49,136.74,596.18,108.91,93.07,18.42,35.73,19.19,117.11
Erythrocebus,patas,Erythrocebus_patas,USNM,238072,1,17.75,95.03,17.01,183.88,18.42,62.57,178.68,83.83,177.76,134.43,574.71,119.15,98.85,18.92,37.77,17.64,117.11
Erythrocebus,patas,Erythrocebus_patas,USNM,399317,1,18.77,107.32,17.06,200.18,22.08,64.41,198.07,93.46,192.54,153.01,637.07,110.92,102.09,20.88,45.41,29.57,161.70
Erythrocebus,patas,Erythrocebus_patas,USNM,257013,2,15.17,95.72,14.80,154.51,11.37,67.30,130.16,66.57,150.89,119.75,467.36,120.27,105.27,16.24,31.93,33.85,130.26
Erythrocebus,patas,Erythrocebus_patas,ZSM,AP71,2,15.01,103.31,13.91,138.30,15.66,61.18,132.90,77.50,136.84,123.33,470.57,111.97,99.98,16.73,33.02,38.69,132.34
Gorilla,beringei,Gorilla_beringei,USNM,395636,1,49.76,110.23,64.39,311.37,45.30,76.51,1301.50,899.35,1486.50,1288.63,4975.98,108.98,102.88,53.52,113.39,35.12,336.06
Gorilla,beringei,Gorilla_beringei,USNM,397351,1,49.31,119.24,71.59,307.09,61.39,77.52,1152.61,845.60,1253.17,1278.85,4530.23,94.48,104.53,53.78,122.21,23.98,307.70
Gorilla,beringei,Gorilla_beringei,USNM,545039,1,48.33,104.05,64.66,314.78,38.80,75.47,1255.62,925.85,1307.75,1217.99,4707.20,103.84,97.21,52.97,110.54,21.17,269.25
Gorilla,beringei,Gorilla_beringei,USNM,396935,2,40.95,115.18,50.81,266.00,44.91,73.72,823.65,617.29,854.01,796.45,3091.40,98.86,96.22,45.38,98.92,32.70,280.14
Gorilla,beringei,Gorilla_beringei,USNM,545042,2,38.69,117.98,45.31,244.23,38.86,77.15,714.32,532.99,816.00,807.31,2870.61,96.84,104.17,42.43,96.74,38.81,280.75
Gorilla,beringei,Gorilla_beringei,USNM,545045,2,40.55,107.16,48.43,267.58,39.25,71.26,814.97,583.82,905.47,781.75,3086.00,102.64,100.70,45.30,98.91,29.73,261.66
Gorilla,gorilla,Gorilla_gorilla_gorilla,CMNH,1057,1,47.78,113.47,61.92,305.14,48.54,77.80,1112.42,645.49,1324.07,1228.86,4310.83,105.04,99.84,52.42,102.03,44.76,368.17
Gorilla,gorilla,Gorilla_gorilla_gorilla,CMNH,1407,1,54.88,100.40,61.92,342.11,41.98,71.99,1602.35,980.41,1817.80,1628.36,6028.92,105.37,103.00,62.76,114.94,29.83,333.60
Gorilla,gorilla,Gorilla_gorilla_gorilla,CMNH,1409,1,51.59,96.24,60.50,355.78,39.74,64.44,1453.60,893.65,1721.12,1367.86,5436.24,113.50,94.00,57.15,103.69,45.01,393.74
Gorilla,gorilla,Gorilla_gorilla_gorilla,CMNH,1431,1,48.41,107.80,64.26,318.59,48.21,72.53,1239.40,752.73,1349.89,1305.77,4647.79,104.41,97.58,55.82,101.90,41.40,369.03
Gorilla,gorilla,Gorilla_gorilla_gorilla,CMNH,1728,1,56.50,111.17,68.80,327.13,62.70,67.76,1691.08,1241.50,1889.31,1913.31,6735.19,97.64,97.96,61.86,101.25,33.00,334.98
Gorilla,gorilla,Gorilla_gorilla_gorilla,CMNH,1731,1,46.98,87.78,58.95,336.35,28.90,66.58,1139.05,532.68,1481.84,1224.95,4378.52,119.20,102.89,50.74,91.45,36.46,333.36
Gorilla,gorilla,Gorilla_gorilla_gorilla,CMNH,1732,1,49.67,105.12,66.26,315.84,48.17,69.58,1358.80,763.53,1528.24,1411.14,5061.71,109.11,100.51,55.44,99.43,48.73,375.93
Gorilla,gorilla,Gorilla_gorilla_gorilla,CMNH,1733,1,52.48,85.46,67.43,350.47,29.69,65.17,1569.81,863.45,1709.40,1433.97,5576.63,113.12,101.92,59.51,119.13,37.29,357.83
Gorilla,gorilla,Gorilla_gorilla_gorilla,CMNH,1994,1,49.41,93.78,58.03,306.17,34.54,68.66,1261.40,721.56,1340.07,1245.38,4568.41,106.48,105.29,55.46,106.06,34.29,310.32
Gorilla,gorilla,Gorilla_gorilla_gorilla,USNM,174722,1,49.07,107.45,61.30,298.14,44.76,71.35,1211.69,639.60,1498.18,1226.37,4575.84,112.13,110.99,54.48,98.73,46.17,356.15
Gorilla,gorilla,Gorilla_gorilla_gorilla,CMNH,1423,2,40.26,91.39,46.41,288.81,27.97,66.34,865.55,490.54,928.81,715.09,2999.99,113.51,92.72,47.19,96.13,45.30,325.93
Gorilla,gorilla,Gorilla_gorilla_gorilla,CMNH,1710,2,40.42,109.18,44.39,278.67,34.59,74.99,813.23,519.91,923.40,744.71,3001.25,106.61,98.78,45.17,84.07,52.98,339.69
Gorilla,gorilla,Gorilla_gorilla_gorilla,CMNH,1756,2,39.91,110.88,41.93,248.48,27.52,80.00,872.34,600.39,996.76,908.35,3377.84,111.40,103.38,45.05,88.03,52.36,312.59
Gorilla,gorilla,Gorilla_gorilla_gorilla,CMNH,1765,2,39.00,108.39,34.94,258.76,25.32,80.34,736.78,384.21,871.60,750.87,2743.46,111.80,110.85,43.85,81.01,50.02,302.51
Gorilla,gorilla,Gorilla_gorilla_gorilla,CMNH,1798,2,41.39,109.66,45.33,264.64,35.19,75.07,822.23,418.10,1068.26,966.14,3274.73,102.80,113.45,47.74,94.37,52.50,332.80
Gorilla,gorilla,Gorilla_gorilla_gorilla,CMNH,1806,2,39.34,104.73,53.30,262.26,41.53,69.04,717.10,389.13,826.44,763.84,2696.51,103.01,104.36,44.68,84.32,49.50,321.60
Gorilla,gorilla,Gorilla_gorilla_gorilla,CMNH,1846,2,39.74,108.46,51.42,283.32,32.99,77.61,844.10,410.66,1018.63,831.81,3105.20,115.81,108.18,44.32,79.58,41.57,298.97
Gorilla,gorilla,Gorilla_gorilla_gorilla,CMNH,1856,2,44.35,111.61,52.81,272.08,36.60,80.75,1058.71,639.08,1262.38,1023.19,3983.35,111.92,104.04,48.98,93.22,55.90,358.09
Hylobates,lar,Hylobates_lar,ZSM,1918.37,1,14.63,120.91,18.64,181.62,15.67,81.32,111.09,97.99,110.32,119.71,439.11,89.16,94.25,18.57,36.58,55.72,203.66
Hylobates,lar,Hylobates_lar,MCZH,41427,1,15.07,114.24,20.37,179.54,14.89,80.47,134.08,99.75,125.57,138.36,497.76,96.36,94.36,17.50,32.28,66.70,211.48
Hylobates,lar,Hylobates_lar,MCZH,41431,1,17.06,110.05,19.91,189.89,14.16,78.45,183.94,133.42,155.63,157.44,630.43,100.48,90.26,20.36,36.71,51.65,201.85
Hylobates,lar,Hylobates_lar,MCZH,41445,1,15.25,106.76,21.07,183.68,13.13,75.67,133.42,81.22,122.57,127.07,464.27,99.67,97.07,17.88,33.76,50.82,190.90
Hylobates,lar,Hylobates_lar,MCZH,41448,1,16.09,113.71,16.76,180.16,12.81,78.46,137.23,89.44,128.29,131.35,486.32,100.37,97.81,19.58,35.10,44.58,176.52
Hylobates,lar,Hylobates_lar,MCZH,41464,1,15.11,118.68,17.28,190.25,13.15,83.05,129.27,92.69,119.00,123.56,464.52,99.93,95.84,18.47,38.11,51.79,203.08
Hylobates,lar,Hylobates_lar,MCZH,41484,1,16.63,106.33,17.70,186.46,11.00,79.18,154.76,113.79,154.37,152.74,575.66,99.93,95.84,19.21,35.41,67.27,218.11
Hylobates,lar,Hylobates_lar,ZSM,1918.38,2,17.12,129.71,22.36,182.13,18.19,92.51,165.08,135.72,150.97,170.59,622.35,99.93,95.84,20.47,37.77,62.82,221.41
Hylobates,lar,Hylobates_lar,MCZH,35950,2,15.04,120.24,17.20,170.75,14.22,82.87,122.25,98.52,119.82,124.03,464.61,96.78,95.03,18.28,35.93,60.74,199.39
Hylobates,lar,Hylobates_lar,MCZH,41412,2,15.59,109.86,17.50,187.67,10.95,82.15,145.12,88.07,132.08,134.95,500.21,102.42,98.00,19.09,38.49,51.87,200.35
Hylobates,lar,Hylobates_lar,MCZH,41414,2,15.80,119.80,18.14,190.40,15.41,81.34,138.28,98.08,122.01,132.14,490.52,97.69,94.20,18.70,39.86,68.00,231.00
Hylobates,lar,Hylobates_lar,MCZH,41419,2,17.77,126.03,20.47,190.36,18.05,85.45,175.28,153.72,159.38,173.09,661.47,93.07,91.90,21.02,38.70,51.29,240.29
Hylobates,lar,Hylobates_lar,MCZH,41424,2,16.67,123.73,18.59,172.71,16.33,82.31,145.98,97.98,159.78,168.78,582.67,98.17,103.16,19.18,37.39,65.21,209.36
Hylobates,lar,Hylobates_lar,MCZH,41440,2,15.21,130.34,19.96,175.68,14.28,94.08,128.02,75.26,123.87,131.51,458.65,102.98,104.12,17.16,32.24,63.96,206.22
Hylobates,lar,Hylobates_lar,MCZH,41442,2,16.93,125.11,20.81,184.46,16.69,86.35,179.88,136.49,151.84,165.02,633.23,92.52,95.61,19.28,39.41,66.63,225.82
Hylobates,lar,Hylobates_lar,MCZH,41494,2,15.75,114.89,16.30,182.33,11.82,83.45,144.99,94.96,141.12,145.39,526.45,101.95,95.55,18.24,38.78,63.73,215.12
Hylobates,lar,Hylobates_lar,ZSM,1918.38a,2,15.47,110.05,24.18,205.91,16.36,76.01,123.52,107.14,129.31,144.09,504.06,89.65,101.35,18.97,38.01,47.38,209.62
Macaca,fascicularis,Macaca_fascicularis,MCZH,35611,1,13.21,111.56,13.58,120.97,15.06,63.01,99.13,48.22,101.63,79.51,328.48,115.66,95.13,14.69,27.57,44.75,124.77
Macaca,fascicularis,Macaca_fascicularis,MCZH,35619,1,12.13,110.98,14.83,127.77,16.68,61.02,84.26,38.77,80.49,72.03,275.55,103.45,106.93,13.12,25.75,42.34,124.71
Macaca,fascicularis,Macaca_fascicularis,MCZH,35729,1,13.50,112.54,12.14,124.52,15.42,60.93,100.18,50.36,101.74,81.34,333.63,114.96,91.65,14.18,26.34,43.25,122.58
Macaca,fascicularis,Macaca_fascicularis,MCZH,271168,1,13.49,117.52,13.22,120.52,14.86,67.29,109.07,64.39,111.70,92.35,377.52,110.46,98.44,14.90,24.69,46.52,124.17
Macaca,fascicularis,Macaca_fascicularis,MCZH,35634,2,10.77,109.72,11.83,119.86,12.06,66.58,68.19,44.73,68.60,64.04,245.56,105.21,99.54,12.28,25.09,49.62,124.88
Macaca,fascicularis,Macaca_fascicularis,MCZ,35652,2,10.16,102.82,10.46,107.93,10.04,63.06,53.15,28.40,59.69,42.58,183.82,117.35,98.86,11.92,24.05,49.71,113.47
Macaca,fascicularis,Macaca_fascicularis,MCZH,35658,2,9.99,108.45,9.43,109.43,11.02,65.04,60.94,31.58,59.34,41.50,193.37,116.57,97.77,11.19,22.42,44.94,109.28
Macaca,fascicularis,Macaca_fascicularis,MCZH,35693,2,9.65,104.20,9.11,102.50,10.26,61.78,55.05,28.16,54.05,43.95,181.22,111.02,96.32,10.86,24.06,39.91,100.00
Macaca,fascicularis,Macaca_fascicularis,MCZ,35724,2,10.67,108.95,10.43,111.72,11.25,65.88,63.99,35.90,64.61,49.54,214.04,115.41,94.65,12.32,27.79,39.05,107.39
Macaca,fascicularis,Macaca_fascicularis,USNM,344989,2,11.39,105.67,11.52,118.84,10.41,70.99,84.05,47.92,79.34,59.39,270.68,123.32,90.18,12.17,25.15,52.51,128.53
Macaca,nemestrina,Macaca_nemestrina,MCZH,35670,1,16.36,109.11,18.11,180.54,19.49,64.14,160.99,89.51,153.99,118.31,522.79,114.78,101.75,18.18,36.25,56.52,200.53
Macaca,nemestrina,Macaca_nemestrina,MCZH,35602,2,15.30,114.46,16.59,159.30,14.57,74.28,126.09,71.98,136.35,106.92,441.33,111.73,96.97,17.23,27.53,52.63,168.09
Macaca,nemestrina,Macaca_nemestrina,MCZH,35631,2,15.06,104.87,15.30,149.26,11.98,71.65,130.21,74.83,128.38,110.86,444.28,110.87,94.21,16.80,29.60,40.77,139.24
Macaca,nemestrina,Macaca_nemestrina,MCZH,35649,2,15.30,113.69,14.17,161.70,14.42,73.53,142.58,88.86,134.22,102.56,468.21,114.43,94.74,16.68,31.03,53.70,173.18
Macaca,nemestrina,Macaca_nemestrina,MCZH,35687,2,14.76,108.36,12.23,146.90,12.26,69.28,124.60,63.32,128.84,91.78,408.54,119.16,99.24,15.90,30.68,51.35,153.83
Macaca,nemestrina,Macaca_nemestrina,MCZH,37676,2,15.17,98.08,13.48,157.93,12.09,63.19,131.29,63.43,134.31,92.22,421.26,126.19,96.89,16.43,26.22,44.92,146.45
Nasalis,larvatus,Nasalis_larvatus,ZSM,1907.3027,1,22.26,104.16,18.44,213.17,20.91,61.83,250.51,153.51,269.38,230.71,904.11,108.79,100.44,24.40,41.63,51.36,221.44
Nasalis,larvatus,Nasalis_larvatus,MCZH,37327,1,21.60,114.15,21.85,221.98,22.51,70.15,271.05,180.13,284.48,258.85,994.52,102.57,106.87,24.23,45.68,52.59,237.27
Nasalis,larvatus,Nasalis_larvatus,MCZH,37329,1,22.18,106.97,20.64,221.08,23.12,62.63,279.59,181.15,272.91,238.19,971.84,107.73,104.69,25.45,41.72,51.05,226.90
Nasalis,larvatus,Nasalis_larvatus,MCZH,37330,1,23.57,104.68,21.10,226.37,19.55,67.47,331.83,185.16,328.36,279.48,1124.82,111.24,104.77,27.27,45.10,47.57,226.57
Nasalis,larvatus,Nasalis_larvatus,MCZH,41557,1,22.06,106.28,21.06,216.32,21.78,63.65,273.60,171.54,290.40,259.51,995.05,109.38,101.63,25.58,38.67,43.88,199.65
Nasalis,larvatus,Nasalis_larvatus,MCZH,41561,1,24.17,97.60,20.92,239.59,21.14,61.47,332.83,189.64,343.49,249.81,1115.77,117.03,102.09,27.13,48.56,39.82,215.17
Nasalis,larvatus,Nasalis_larvatus,MCZH,41563,1,21.96,105.36,19.46,221.91,20.44,62.60,266.25,164.68,281.72,221.44,934.08,112.86,104.76,24.99,42.72,45.96,214.67
Nasalis,larvatus,Nasalis_larvatus,USNM,399070,1,21.56,98.52,19.08,221.32,20.50,56.69,248.74,130.13,257.92,210.20,846.99,114.27,100.71,24.05,41.42,36.74,189.26
Nasalis,larvatus,Nasalis_larvatus,MCZH,37328,2,22.80,98.68,23.04,244.32,21.80,59.04,295.64,176.42,297.70,215.17,984.92,115.39,94.07,26.45,41.99,41.69,217.39
Nasalis,larvatus,Nasalis_larvatus,MCZH,37331,2,19.71,111.46,15.69,205.40,14.46,73.98,209.08,142.18,219.01,190.36,760.64,105.53,105.52,22.55,38.88,55.47,217.45
Nasalis,larvatus,Nasalis_larvatus,MCZH,37337,2,17.40,114.06,16.57,182.40,17.30,69.08,155.96,115.76,167.16,134.61,573.50,105.39,102.56,19.77,34.91,42.74,169.93
Nasalis,larvatus,Nasalis_larvatus,MCZH,37339,2,18.98,115.19,15.81,186.03,17.43,69.95,197.07,135.22,190.96,183.19,706.44,104.27,99.00,21.77,37.67,44.65,182.10
Nasalis,larvatus,Nasalis_larvatus,MCZH,37343,2,18.13,103.88,14.69,189.76,14.20,66.85,191.21,109.17,183.19,149.40,632.96,111.57,99.94,20.08,35.25,51.18,192.63
Nasalis,larvatus,Nasalis_larvatus,MCZH,37344,2,18.92,104.91,20.47,212.12,15.84,69.00,202.05,124.35,195.08,150.82,672.30,111.85,98.09,21.59,41.34,44.92,204.43
Nasalis,larvatus,Nasalis_larvatus,MCZH,41554,2,17.18,107.26,13.68,181.69,14.03,68.74,152.34,94.90,183.21,139.69,570.14,111.22,106.28,19.62,35.76,45.11,174.23
Nasalis,larvatus,Nasalis_larvatus,MCZH,41555,2,18.62,110.28,16.21,191.15,13.78,74.14,183.12,127.00,202.72,149.16,661.99,109.94,96.67,20.63,36.62,35.59,161.69
Nasalis,larvatus,Nasalis_larvatus,MCZH,41559,2,18.74,102.01,16.73,196.72,14.86,65.73,192.55,107.44,207.86,165.42,673.28,114.79,104.20,21.12,38.55,41.46,178.85
Pan,paniscus,Pan_paniscus,MRAC,15294,1,30.17,118.19,34.06,253.56,31.17,76.11,487.75,371.18,495.47,531.40,1885.80,98.21,106.28,33.21,57.21,66.03,313.31
Pan,paniscus,Pan_paniscus,MRAC,15295,1,30.37,111.34,35.26,250.36,28.81,76.77,464.20,298.55,520.35,500.06,1783.15,105.60,114.47,37.62,64.12,60.29,307.98
Pan,paniscus,Pan_paniscus,MRAC,27696,1,31.47,125.20,40.51,247.37,38.38,78.56,542.15,420.25,560.34,525.67,2048.41,98.90,102.34,34.92,64.24,66.76,322.84
Pan,paniscus,Pan_paniscus,MRAC,27699,1,31.87,131.49,47.01,237.39,44.30,83.88,563.07,484.31,538.70,582.37,2168.98,91.25,103.42,35.20,59.80,61.83,312.52
Pan,paniscus,Pan_paniscus,MRAC,29044,1,29.51,126.39,41.61,235.90,35.75,84.85,489.94,388.22,501.34,465.28,1844.78,97.34,103.39,33.73,57.94,59.56,294.51
Pan,paniscus,Pan_paniscus,MRAC,15293,2,30.55,122.40,39.29,259.44,35.45,80.69,505.41,421.62,505.11,518.07,1950.20,95.86,96.73,33.33,69.85,61.02,330.18
Pan,paniscus,Pan_paniscus,MRAC,15296,2,33.10,130.14,44.11,252.91,44.10,81.61,547.52,378.48,566.14,588.18,2080.31,97.27,108.93,35.26,66.85,58.87,324.17
Pan,paniscus,Pan_paniscus,MRAC,29035,2,29.71,119.11,32.33,253.41,28.24,80.90,525.48,380.35,521.15,486.24,1913.23,106.08,99.37,33.08,63.50,59.83,309.48
Pan,paniscus,Pan_paniscus,MRAC,29040,2,32.95,127.24,42.90,253.20,44.31,75.98,603.73,489.31,656.60,657.84,2407.48,98.93,107.19,37.80,70.58,62.43,330.83
Pan,paniscus,Pan_paniscus,MRAC,29042,2,30.16,115.39,32.36,244.76,27.04,80.53,532.79,375.86,548.24,479.26,1936.15,108.45,98.58,33.39,63.33,62.67,305.09
Pan,paniscus,Pan_paniscus,MRAC,29045,2,30.73,113.06,37.34,253.80,29.77,75.89,541.62,369.33,585.54,586.39,2082.88,103.10,108.92,34.75,71.66,57.29,312.90
Pan,troglodytes,Pan_troglodytes_troglodytes,CMNH,B1056,1,35.55,127.97,42.56,277.02,36.76,87.67,736.57,490.53,699.63,640.08,2566.79,102.92,96.96,39.58,69.93,54.30,335.03
Pan,troglodytes,Pan_troglodytes_troglodytes,CMNH,B1708,1,34.69,125.43,32.04,236.89,31.06,83.84,660.69,440.54,689.18,601.50,2391.91,105.50,97.74,39.31,65.54,61.99,305.55
Pan,troglodytes,Pan_troglodytes_troglodytes,CMNH,B1758,1,36.42,126.70,42.08,261.65,47.22,74.12,595.88,506.51,595.83,667.12,2365.34,92.19,96.93,41.30,71.70,52.79,318.14
Pan,troglodytes,Pan_troglodytes_troglodytes,CMNH,B1882,1,32.73,129.11,45.75,250.37,39.96,85.86,495.76,342.85,518.02,521.10,1877.72,99.10,99.82,39.76,74.17,45.50,292.44
Pan,troglodytes,Pan_troglodytes_troglodytes,CMNH,B2072,1,35.98,112.12,39.80,266.67,35.21,70.64,671.87,415.57,646.66,625.79,2359.88,103.84,94.06,41.95,76.44,43.60,292.15
Pan,troglodytes,Pan_troglodytes_troglodytes,CMNH,B2746,1,32.85,117.71,36.95,242.84,27.99,84.33,601.30,396.52,587.57,571.58,2156.97,106.44,94.82,37.84,66.38,51.70,288.30
Pan,troglodytes,Pan_troglodytes_troglodytes,CMNH,B2747,1,32.15,119.47,36.07,249.66,29.20,85.56,537.52,368.14,559.90,534.89,2000.45,103.57,102.72,35.91,64.67,45.68,277.31
Pan,troglodytes,Pan_troglodytes_troglodytes,CMNH,B3552,1,34.30,118.63,41.90,245.26,36.25,77.00,583.04,428.41,561.78,620.63,2193.86,95.27,97.94,39.88,79.45,42.06,277.41
Pan,troglodytes,Pan_troglodytes_troglodytes,USNM,176227,2,30.69,136.57,41.64,231.67,37.58,91.73,466.02,371.72,480.45,482.95,1801.14,95.68,96.80,35.56,64.99,58.50,298.45
Pan,troglodytes,Pan_troglodytes_troglodytes,CMNH,B1721,2,30.28,121.75,34.62,232.18,33.19,76.65,447.43,313.97,471.06,518.97,1751.42,93.97,106.59,35.83,68.87,52.83,283.08
Pan,troglodytes,Pan_troglodytes_troglodytes,CMNH,B1723,2,35.65,114.84,40.97,243.98,33.23,78.90,688.44,419.40,731.18,615.08,2454.10,109.03,99.86,40.84,75.82,53.16,302.89
Pan,troglodytes,Pan_troglodytes_troglodytes,CMNH,B1748,2,30.59,124.28,31.26,229.75,25.25,86.52,486.24,302.24,473.81,468.50,1730.78,105.93,103.76,36.56,68.66,55.00,280.49
Pan,troglodytes,Pan_troglodytes_troglodytes,CMNH,B1755,2,31.15,134.52,41.88,252.26,38.17,88.94,543.67,411.70,513.55,508.86,1977.78,101.08,94.25,35.13,68.30,61.46,325.08
Pan,troglodytes,Pan_troglodytes_troglodytes,CMNH,B1766,2,35.88,130.53,47.94,248.03,45.89,82.57,599.48,407.36,604.99,558.88,2170.72,99.61,102.77,41.38,73.49,64.70,337.35
Pan,troglodytes,Pan_troglodytes_troglodytes,CMNH,B1770,2,30.28,119.88,35.60,227.72,33.97,76.57,469.92,332.54,436.76,422.91,1662.13,101.24,93.85,35.09,70.39,47.55,272.70
Pan,troglodytes,Pan_troglodytes_troglodytes,CMNH,B1843,2,34.02,113.22,46.65,254.90,33.29,79.05,524.21,357.22,531.77,516.13,1929.33,102.57,100.51,37.74,74.27,50.00,307.61
Pan,troglodytes,Pan_troglodytes_troglodytes,CMNH,B3539,2,33.22,127.19,33.14,245.29,34.64,78.83,523.41,346.24,548.67,529.73,1948.05,100.32,99.53,38.73,80.56,51.69,303.01
Pan,troglodytes,Pan_troglodytes_troglodytes,CMNH,B3551,2,29.07,117.24,35.25,252.93,28.59,79.45,432.17,279.95,446.23,460.74,1619.09,100.08,104.57,32.32,67.52,54.70,305.29
Papio,anubis,Papio_anubis,USNM,354987,1,23.73,107.29,21.64,231.80,28.33,58.80,272.09,127.80,324.22,276.02,1000.14,108.07,111.55,26.21,50.53,38.11,207.19
Papio,anubis,Papio_anubis,USNM,354989,1,23.04,100.09,22.61,234.31,24.53,57.57,270.22,119.42,326.12,256.20,971.96,118.14,111.55,25.82,52.95,36.61,205.45
Papio,anubis,Papio_anubis,USNM,384229,1,25.55,107.74,20.16,219.91,28.03,57.79,311.16,170.07,361.69,276.53,1119.44,111.43,101.10,28.77,58.98,41.46,218.61
Papio,anubis,Papio_anubis,USNM,384234,1,25.65,102.41,20.23,237.13,25.04,60.91,354.59,181.37,383.59,274.39,1193.95,118.47,99.56,28.79,60.63,35.77,210.75
Papio,anubis,Papio_anubis,USNM,236976,2,26.14,103.04,22.87,232.63,29.56,56.01,330.18,159.37,385.66,304.08,1179.31,113.47,107.46,28.63,56.63,37.97,215.16
Papio,anubis,Papio_anubis,USNM,384228,2,22.92,100.71,19.48,204.70,22.32,60.84,262.44,146.03,296.52,266.21,971.20,106.52,108.29,25.35,49.91,26.52,157.35
Papio,anubis,Papio_anubis,USNM,384235,2,21.28,95.83,20.22,202.61,19.81,59.86,238.82,130.03,265.11,223.75,857.70,113.39,102.68,24.16,46.08,25.52,151.13
Papio,anubis,Papio_anubis,USNM,395441,2,20.64,94.21,16.93,193.72,15.63,62.49,221.74,117.38,249.98,190.08,779.18,115.56,103.63,22.55,47.03,27.74,151.20
Papio,anubis,Papio_anubis,USNM,495438,2,20.89,103.20,18.57,204.64,20.47,61.79,250.65,130.97,278.19,230.25,890.05,113.34,107.97,22.84,47.26,43.53,201.58
Papio,cynocephalus,Papio_cynocephalus,USNM,452509,1,23.62,97.85,27.62,224.07,25.57,57.89,261.53,141.16,316.21,281.40,1000.29,109.58,108.44,25.76,49.54,36.07,196.98
Papio,cynocephalus,Papio_cynocephalus,KNM,7254,2,19.96,111.36,15.28,187.21,19.98,63.80,209.17,107.34,248.85,228.93,794.28,110.86,108.18,22.13,41.35,29.71,145.44
Papio,cynocephalus,Papio_cynocephalus,KNM,7262,2,20.08,110.41,17.15,190.92,20.30,63.52,200.58,115.44,218.96,216.33,751.30,102.12,104.73,22.24,44.11,33.39,166.08
Papio,cynocephalus,Papio_cynocephalus,KNM,7264,2,18.85,102.60,17.33,191.67,18.79,60.60,203.51,115.31,230.79,201.88,751.48,110.30,105.28,20.97,38.14,43.14,184.81
Papio,cynocephalus,Papio_cynocephalus,KNM,7276,2,19.67,107.02,18.67,192.21,23.68,58.39,206.65,126.26,241.64,234.25,808.81,104.24,110.14,21.50,42.57,48.11,201.86
Papio,cynocephalus,Papio_cynocephalus,KNM,7277,2,19.65,101.93,14.79,191.62,19.07,58.58,217.76,108.57,237.25,218.62,782.20,111.32,106.06,21.63,46.64,35.56,168.88
Papio,cynocephalus,Papio_cynocephalus,USNM,384238,2,20.05,104.05,16.87,194.93,18.92,61.69,202.63,100.56,241.34,199.42,743.94,112.51,108.34,22.30,43.25,38.65,179.21
Papio,cynocephalus,Papio_cynocephalus,USNM,452508,2,19.69,99.85,15.64,178.76,18.03,59.27,185.53,113.46,229.28,179.83,708.11,114.21,102.77,21.18,46.25,32.02,153.24
Pongo,abelii,Pongo_abelii,MCZ,50960,1,39.98,,NA,NA,NA,NA,NA,NA,NA,NA,3248.47,NA,NA,52.64,92.71,73.12,376.66
Pongo,abelii,Pongo_abelii,USNM,nm49855/143590,1,37.51,,NA,NA,NA,NA,NA,NA,NA,NA,2756.62,NA,NA,43.35,75.74,80.15,339.71
Pongo,abelii,Pongo_abelii,USNM,nm49859/143593,1,35.21,,NA,NA,NA,NA,NA,NA,NA,NA,2604.17,NA,NA,42.55,77.11,72.06,345.15
Pongo,abelii,Pongo_abelii,USNM,22937,2,30.46,,NA,NA,NA,NA,NA,NA,NA,NA,2034.48,NA,NA,33.08,65.35,81.49,281.04
Pongo,abelii,Pongo_abelii,USNM,49848/143596,2,30.22,,NA,NA,NA,NA,NA,NA,NA,NA,1932.95,NA,NA,35.20,58.81,72.04,287.37
Pongo,abelii,Pongo_abelii,USNM,nm49861/143602,2,30.51,,NA,NA,NA,NA,NA,NA,NA,NA,1889.60,NA,NA,37.06,67.68,72.37,288.49
Pongo,pygmaeus,Pongo_pygmaeus,CMNH,145301,1,40.30,,NA,NA,NA,NA,NA,NA,NA,NA,3149.06,NA,NA,46.38,81.35,71.92,345.61
Pongo,pygmaeus,Pongo_pygmaeus,CMNH,145304,1,38.42,,NA,NA,NA,NA,NA,NA,NA,NA,3067.08,NA,NA,44.38,80.41,73.30,326.65
Pongo,pygmaeus,Pongo_pygmaeus,CMNH,145310,1,38.34,,NA,NA,NA,NA,NA,NA,NA,NA,3162.95,NA,NA,43.68,72.27,72.41,319.46
Pongo,pygmaeus,Pongo_pygmaeus,CMNH,153823,1,39.06,,NA,NA,NA,NA,NA,NA,NA,NA,3274.90,NA,NA,43.36,73.45,70.58,340.03
Pongo,pygmaeus,Pongo_pygmaeus,CMNH,B1444,1,37.51,,NA,NA,NA,NA,NA,NA,NA,NA,2816.81,NA,NA,44.93,74.15,69.00,329.02
Pongo,pygmaeus,Pongo_pygmaeus,ZMA,4602,2,33.16,,NA,NA,NA,NA,NA,NA,NA,NA,2412.24,NA,NA,36.49,66.61,86.24,303.91
Pongo,pygmaeus,Pongo_pygmaeus,MCZH,37365,2,33.10,,NA,NA,NA,NA,NA,NA,NA,NA,2402.26,NA,NA,38.89,76.34,82.12,329.04
Pongo,pygmaeus,Pongo_pygmaeus,MCZ,50958,2,29.06,,NA,NA,NA,NA,NA,NA,NA,NA,1801.36,NA,NA,34.67,63.87,83.90,294.58
Pongo,pygmaeus,Pongo_pygmaeus,CMNH,145308,2,32.29,,NA,NA,NA,NA,NA,NA,NA,NA,2208.55,NA,NA,38.34,75.62,73.97,296.28
Pongo,pygmaeus,Pongo_pygmaeus,CMNH,145309,2,30.45,,NA,NA,NA,NA,NA,NA,NA,NA,1837.71,NA,NA,34.85,73.75,85.25,308.32
Pongo,pygmaeus,Pongo_pygmaeus,USNM,142169/49768,2,31.00,,NA,NA,NA,NA,NA,NA,NA,NA,2145.14,NA,NA,34.63,56.80,69.54,279.73
Pongo,pygmaeus,Pongo_pygmaeus,CMNH,B1030,2,29.83,,NA,NA,NA,NA,NA,NA,NA,NA,2011.33,NA,NA,34.37,67.88,73.85,289.06
Pongo,pygmaeus,Pongo_pygmaeus,CMNH,B1055,2,33.56,,NA,NA,NA,NA,NA,NA,NA,NA,2380.30,NA,NA,38.26,63.50,65.21,267.54
Pongo,pygmaeus,Pongo_pygmaeus,CMNH,B1167,2,30.47,,NA,NA,NA,NA,NA,NA,NA,NA,1996.92,NA,NA,39.45,71.23,76.20,292.44
Pongo,pygmaeus,Pongo_pygmaeus,CMNH,B1443,2,29.27,,NA,NA,NA,NA,NA,NA,NA,NA,1850.11,NA,NA,34.88,62.01,60.34,277.81
Procolobus,badius,Piliocolobus_badius,PCM,m243,2,16.40,110.15,12.07,173.22,12.14,73.91,157.43,85.29,146.18,104.45,493.35,114.85,94.58,18.16,35.95,48.58,175.08
Procolobus,badius,Piliocolobus_badius,PCM,m261,2,16.79,99.13,13.68,176.04,10.45,71.90,158.48,77.27,156.19,112.76,504.69,120.21,99.98,19.13,38.14,34.49,147.63
Procolobus,badius,Piliocolobus_badius,PCM,m284,2,15.07,92.53,13.62,177.70,9.23,68.27,125.88,64.51,131.61,99.15,421.16,119.13,101.86,17.44,36.93,36.75,152.03
Procolobus,badius,Piliocolobus_badius,PCM,m286,2,16.92,101.14,11.79,180.72,9.79,73.74,165.00,92.94,156.06,106.12,520.12,119.17,96.91,19.20,37.26,39.61,161.27
Pygathrix,nemaeus,Pygathrix_nemaeus,MCZ,36259,1,19.95,99.68,18.15,215.22,15.34,64.43,201.39,93.93,223.25,181.78,700.35,114.76,102.46,22.61,38.16,52.54,217.55
Pygathrix,nemaeus,Pygathrix_nemaeus,AMNH,87255,1,19.53,100.61,15.61,222.19,13.31,70.09,211.74,120.99,234.53,182.19,749.44,114.03,102.99,21.62,43.86,48.06,219.75
Pygathrix,nemaeus,Pygathrix_nemaeus,USNM,356576,1,19.31,104.45,16.93,207.58,13.49,72.26,197.31,101.49,233.90,195.39,728.09,114.47,111.32,20.65,38.96,49.68,207.82
Pygathrix,nemaeus,Pygathrix_nemaeus,USNM,356577,1,19.19,105.86,18.33,207.20,17.60,64.25,188.95,116.36,214.54,177.30,697.15,107.82,104.11,20.34,37.93,47.63,202.74
Pygathrix,nemaeus,Pygathrix_nemaeus,USNM,357628,1,19.59,102.92,16.09,226.80,14.06,68.67,226.85,125.04,235.49,213.07,800.46,111.00,107.00,21.46,35.73,62.56,243.47
Pygathrix,nemaeus,Pygathrix_nemaeus,AMNH,87256,2,17.43,114.57,10.13,185.47,13.89,71.83,145.67,71.62,165.27,131.14,513.70,112.67,104.43,20.25,38.11,49.56,184.06
Pygathrix,nemaeus,Pygathrix_nemaeus,USNM,536409,2,16.28,113.11,12.88,182.11,14.39,71.18,145.85,93.36,163.35,130.76,533.32,112.28,97.61,17.63,37.49,43.75,172.79
Rhinopithecus,roxellana,Rhinopithecus_roxellana,USNM,268887,1,21.58,113.56,18.40,214.07,16.30,77.58,274.70,147.00,234.84,207.55,864.09,111.92,99.38,22.12,42.14,42.87,200.43
Rhinopithecus,roxellana,Rhinopithecus_roxellana,AMNH,119648,2,17.83,107.16,15.42,178.14,11.38,78.81,199.17,124.36,169.58,140.51,633.62,110.68,96.34,19.86,36.98,40.51,167.40
Rhinopithecus,roxellana,Rhinopithecus_roxellana,USNM,268886,2,18.75,112.62,15.27,171.05,16.60,71.33,185.00,84.58,189.62,146.41,605.61,112.96,104.71,20.21,42.09,40.40,86.12
Symphalangus,syndactylus,Symphalangus_syndactylus,ZSM,1904.131,1,20.82,112.99,22.89,181.00,17.52,75.78,241.67,168.03,241.74,241.08,892.53,101.14,94.46,25.28,45.97,50.45,202.34
Symphalangus,syndactylus,Symphalangus_syndactylus,ZSM,1905.61,1,19.47,116.94,19.61,166.04,14.45,83.27,233.71,161.30,218.95,194.38,808.34,105.59,93.05,24.13,44.30,64.53,209.46
Symphalangus,syndactylus,Symphalangus_syndactylus,ZSM,1906.161,1,21.78,115.09,25.04,199.58,20.01,76.85,269.70,192.26,270.27,265.67,997.91,100.67,100.26,25.16,46.03,51.57,222.60
Symphalangus,syndactylus,Symphalangus_syndactylus,ZSM,1907.677,1,20.91,111.91,25.83,196.64,16.80,82.37,250.67,172.03,232.49,234.96,890.15,101.39,100.13,26.43,53.24,53.94,230.86
Symphalangus,syndactylus,Symphalangus_syndactylus,ZSM,1908.3560,1,19.78,119.05,21.73,183.75,17.74,80.17,229.15,136.34,211.76,200.26,777.51,104.63,95.63,24.53,47.85,52.42,213.42
Symphalangus,syndactylus,Symphalangus_syndactylus,ZSM,1908.432,1,19.73,122.62,22.57,194.24,19.85,80.28,203.23,136.42,212.42,205.77,757.84,103.07,100.10,23.56,45.28,61.98,235.82
Symphalangus,syndactylus,Symphalangus_syndactylus,ZSM,1908.434,1,19.67,117.56,24.78,199.08,20.66,75.89,227.01,147.73,210.64,210.89,796.26,102.17,97.57,22.95,47.90,54.41,231.19
Symphalangus,syndactylus,Symphalangus_syndactylus,ZMA,5020,1,22.82,131.49,22.83,205.16,17.96,93.74,268.47,208.82,288.32,302.90,1068.51,93.46,101.10,26.04,51.19,66.70,259.41
Symphalangus,syndactylus,Symphalangus_syndactylus,ZMA,5021,1,20.69,110.86,23.05,181.11,18.90,71.46,250.77,160.26,237.65,252.83,901.49,101.34,101.04,24.83,45.82,64.69,222.15
Symphalangus,syndactylus,Symphalangus_syndactylus,USNM,141160/49746,1,22.79,121.30,26.58,192.23,21.52,81.83,270.97,201.92,258.12,281.14,1012.16,92.13,96.74,25.86,53.91,43.82,207.31
Symphalangus,syndactylus,Symphalangus_syndactylus,ZSM,1904.21,2,20.51,118.67,20.70,172.62,15.80,84.03,255.10,172.12,252.26,233.66,913.14,106.23,92.56,23.81,46.32,58.65,210.66
Symphalangus,syndactylus,Symphalangus_syndactylus,ZSM,1904.4,2,19.26,124.45,23.34,170.56,21.06,81.63,206.55,167.08,206.57,199.59,779.79,97.30,93.75,22.87,43.22,56.26,206.69
Symphalangus,syndactylus,Symphalangus_syndactylus,ZSM,1905.108,2,22.04,115.80,22.05,190.23,16.97,79.67,271.69,190.56,273.92,266.41,1002.57,103.56,98.84,25.20,49.70,45.50,203.89
Symphalangus,syndactylus,Symphalangus_syndactylus,ZSM,1905.60,2,18.49,114.97,17.55,166.19,12.84,82.29,182.67,127.50,200.00,207.64,717.80,97.18,108.14,22.05,43.56,56.48,197.26
Symphalangus,syndactylus,Symphalangus_syndactylus,ZSM,1908.3561,2,18.19,115.41,18.31,161.19,16.67,73.07,194.54,126.86,182.57,178.20,682.16,104.44,95.79,22.21,40.18,63.48,196.42
Symphalangus,syndactylus,Symphalangus_syndactylus,AMNH,106584,2,20.11,107.44,20.00,196.32,11.40,82.63,231.67,133.57,223.94,200.61,789.80,112.82,104.67,23.53,49.63,63.80,238.90
Symphalangus,syndactylus,Symphalangus_syndactylus,USNM,141161,2,19.73,116.58,19.46,178.92,14.99,83.03,224.33,166.55,205.05,210.55,806.47,99.19,93.41,23.65,46.40,53.67,207.21
Symphalangus,syndactylus,Symphalangus_syndactylus,USNM,141162,2,20.14,116.02,23.04,182.85,19.24,75.67,228.50,164.68,208.27,221.49,822.94,98.77,97.09,24.45,49.04,62.91,228.77
Symphalangus,syndactylus,Symphalangus_syndactylus,USNM,271048,2,18.20,116.07,22.14,184.33,16.50,81.52,195.59,142.70,178.44,167.93,684.66,103.22,89.72,22.56,42.01,55.81,212.85
Symphalangus,syndactylus,Symphalangus_syndactylus,USNM,395514,2,19.85,112.29,21.69,178.35,18.60,75.90,226.93,148.94,229.35,239.34,844.56,101.12,105.35,22.41,44.33,51.60,202.85
Symphalangus,syndactylus,Symphalangus_syndactylus,USNM,519573,2,20.26,126.61,24.66,187.11,18.77,88.98,227.74,173.79,230.03,236.91,868.47,98.18,99.69,21.96,46.81,60.15,228.70
Theropithecus,gelada,Theropithecus_gelada,ZMA,11341,1,20.12,108.47,18.60,186.92,22.36,60.75,212.87,95.52,240.93,227.89,777.21,110.58,112.66,22.44,41.46,45.15,186.62
Theropithecus,gelada,Theropithecus_gelada,USNM,240885,1,21.92,103.70,18.17,188.35,21.81,57.20,247.66,104.90,281.91,243.20,877.67,112.73,111.76,23.81,45.40,38.74,176.19
Theropithecus,gelada,Theropithecus_gelada,USNM,305107,1,20.83,103.41,19.01,182.12,21.61,56.39,231.02,126.32,249.07,224.55,830.96,108.56,106.62,23.02,44.67,31.55,155.33
Theropithecus,gelada,Theropithecus_gelada,UZIA,8555,2,18.22,99.82,14.29,153.99,16.71,60.28,169.77,72.85,191.46,166.42,600.49,112.27,97.19,21.51,43.88,34.48,145.02
Theropithecus,gelada,Theropithecus_gelada,UZIA,9300,2,17.73,113.96,14.80,164.33,17.96,65.52,170.82,94.05,184.54,172.34,621.75,107.03,100.10,20.51,40.73,49.87,177.08
Theropithecus,gelada,Theropithecus_gelada,UZIA,10351,2,18.15,115.69,14.98,165.08,18.42,66.22,196.84,111.57,196.72,192.90,698.04,108.60,100.49,21.66,42.25,44.15,169.30
Theropithecus,gelada,Theropithecus_gelada,UZIA,12108,2,20.24,110.84,16.52,166.97,20.26,64.88,206.00,97.50,253.38,229.32,786.20,108.34,104.75,23.77,48.05,38.41,165.57
Theropithecus,gelada,Theropithecus_gelada,USNM,319992,2,19.18,104.13,13.44,168.53,15.82,65.23,206.22,84.45,224.02,200.14,714.83,118.04,111.82,21.42,39.71,28.31,127.42
Theropithecus,gelada,Theropithecus_gelada,USNM,354990,2,19.71,105.51,15.11,159.87,16.51,61.99,212.59,107.62,227.24,210.85,758.30,114.02,106.18,21.63,41.27,41.10,157.45
Trachypithecus,cristatus,Trachypithecus_cristatus,ZSM,1906.132,1,14.79,106.09,14.06,166.57,13.81,65.04,108.92,60.18,122.80,94.03,385.93,114.14,101.10,16.87,28.77,40.86,147.30
Trachypithecus,cristatus,Trachypithecus_cristatus,ZSM,1907.705,1,14.59,99.15,12.98,186.42,10.48,67.77,122.92,59.18,129.17,99.36,410.63,120.23,100.60,16.98,28.11,37.89,150.65
Trachypithecus,cristatus,Trachypithecus_cristatus,MCZH,35665,1,15.31,110.57,11.96,161.16,13.62,68.77,142.85,75.23,130.57,123.94,472.59,108.81,107.77,16.95,27.96,53.43,166.21
Trachypithecus,cristatus,Trachypithecus_cristatus,MCZH,35666,1,15.84,109.05,11.43,175.47,13.15,68.74,132.08,72.62,128.26,107.16,440.11,109.52,101.64,17.91,31.11,50.39,173.76
Trachypithecus,cristatus,Trachypithecus_cristatus,MCZH,35672,1,14.09,108.29,13.57,165.17,12.64,70.17,113.58,81.05,107.06,92.29,393.98,112.31,100.26,16.25,29.45,43.70,155.62
Trachypithecus,cristatus,Trachypithecus_cristatus,MCZH,35685,1,14.80,109.66,12.23,159.20,14.25,67.69,116.66,66.73,118.43,104.83,406.65,106.45,105.45,16.34,31.55,42.17,149.21
Trachypithecus,cristatus,Trachypithecus_cristatus,MCZH,35690,1,13.68,106.23,12.61,155.56,12.03,66.64,105.68,65.60,104.64,92.65,368.57,111.28,106.34,15.48,27.57,38.13,133.47
Trachypithecus,cristatus,Trachypithecus_cristatus,USNM,49695,1,14.98,107.91,14.24,169.46,14.72,66.62,116.81,63.91,131.64,110.17,422.54,112.30,103.85,16.45,29.33,46.02,161.71
Trachypithecus,cristatus,Trachypithecus_cristatus,ZSM,1906.147,2,14.09,100.78,12.05,155.08,10.65,67.30,105.38,54.52,118.54,103.24,381.68,117.31,108.56,15.67,28.35,39.97,134.22
Trachypithecus,cristatus,Trachypithecus_cristatus,MCZH,35584,2,14.11,107.34,10.40,163.80,11.77,68.28,110.15,61.13,110.15,89.35,370.78,110.34,103.32,15.94,31.46,40.52,148.92
Trachypithecus,cristatus,Trachypithecus_cristatus,MCZH,35603,2,14.24,110.37,12.54,155.69,13.01,69.41,120.61,76.48,116.82,100.90,414.81,107.28,97.45,15.96,30.14,50.33,160.88
Trachypithecus,cristatus,Trachypithecus_cristatus,MCZH,35604,2,14.81,114.84,11.73,156.31,13.23,72.58,110.92,66.38,115.40,104.12,396.82,100.30,112.27,15.87,32.65,51.81,166.53
Trachypithecus,cristatus,Trachypithecus_cristatus,MCZ,35605,2,14.96,110.47,13.36,164.08,11.76,73.47,119.62,77.54,118.24,93.78,409.18,109.19,90.05,17.18,33.43,42.30,155.20
Trachypithecus,cristatus,Trachypithecus_cristatus,MCZH,35610,2,13.64,109.04,11.86,148.41,12.24,69.62,117.54,65.43,102.87,103.79,389.62,108.34,104.39,15.23,27.44,51.76,153.37
Trachypithecus,cristatus,Trachypithecus_cristatus,MCZH,35678,2,14.34,109.79,12.11,161.53,10.59,75.48,117.07,68.08,119.38,107.51,412.05,105.45,101.68,16.34,30.57,47.11,159.57
Trachypithecus,cristatus,Trachypithecus_cristatus,ZMA,42224,2,13.22,109.03,11.22,147.77,11.20,70.16,94.07,52.13,100.34,90.61,337.15,112.35,104.16,14.60,26.28,47.23,144.37