Genus,SpeciesName,Species,Museum,MusID,Sex,Locomotion,FemurHead,NSA,Neck,L2,L4,FTA,PS,PI,AS,AI,TotalArea,SUP,ANT,AcetabDiameter,PelvicBreadth,Abduction,AbductedKnee
Alouatta,caraya,Alouatta_caraya,AMNH,211496,1,Excluded,14.99,110.252,18.992,146.086,14.674,71.497,138.573845,102.976298,127.605815,116.690554,485.846512,107.365,86.858,16.944,31.794,45.63,152.44
Alouatta,caraya,Alouatta_caraya,AMNH,211498,1,Excluded,16.376,121.197,20.209,149.87,16.257,80.753,172.093252,124.488106,151.535131,155.920024,604.036513,104.301,84.406,17.602,33.575,49.982,156.934
Alouatta,caraya,Alouatta_caraya,AMNH,211504,1,Excluded,14.708,106.801,18.252,152.221,12.005,72.976,117.92,79.653,126.78,113.958,438.311,109.312,102.225,16.461,30.386,50.379,162.258
Alouatta,caraya,Alouatta_caraya,AMNH,211508,1,Excluded,16.028,122.568,21.375,143.59,18.187,77.732,140.962309,119.806068,141.39,136.648341,538.806718,92.924,88.147,17.727,31.798,48.76,160.832
Alouatta,caraya,Alouatta_caraya,AMNH,211510,1,Excluded,16.144,121.819,22.984,143.226,19.636,77.51,166.615888,134.181233,146.654182,147.625165,595.076468,100.775,93.865,17.517,33.079,47.526,161.284
Alouatta,caraya,Alouatta_caraya,AMNH,211495,2,Excluded,14.01,121.715,17.872,126.441,15.113,77.492,119.014248,84.635805,106.517839,108.591065,418.758957,97.622,92.427,15.384,35.947,42.162,137.095
Alouatta,caraya,Alouatta_caraya,AMNH,211501,2,Excluded,13.79,116.541,15.719,126.119,11.683,80.596,114.708253,84.39929,99.092818,98.190336,396.390697,102.593,88.553,15.593,28.719,49.23,139.02
Alouatta,caraya,Alouatta_caraya,AMNH,211506,2,Excluded,13.872,123.299,19.251,132.81,14.938,84.534,114.007,77.933,113.737,110.905,416.582,98.991,97.606,15.699,28.075,56.063,155.53
Alouatta,caraya,Alouatta_caraya,AMNH,211512,2,Excluded,14.272,120.555,18.177,136.932,13.472,87.893,130.71059,85.829392,119.88463,120.420463,456.845075,108.422,96.332,15.702,28.65,57.73,160.691
Alouatta,caraya,Alouatta_caraya,AMNH,215060,2,Excluded,12.755,128.778,18.378,135.065,15.413,88.421,84.308,61.567,88.603,86.779,321.257,99.955,100.559,13.646,27.54,60.981,162.653
Ateles,belzebuth,Ateles_belzebuth,AMNH,259,2,Suspensory,16.554,114.773,19.104,179.937,11.456,88.242,152.49,86.014,169.114,143.08,550.698,113.14,103.918,18.76,35.889,60.994,209.366
Ateles,belzebuth,Ateles_belzebuth,AMNH,202194,2,Suspensory,15.156,109.617,20.872,174.383,12.229,81.142,126.896,79.264,127.117,111.072,444.349,104.238,93.398,17.96,30.939,60.108,196.77
Ateles,fuscicepes,Ateles_fusciceps,USNM,338112,1,Suspensory,17.436,109.42,22.751,171.094,18.575,69.929,167.629,110.478,163.814,181.501,623.422,102.502,99.735,20.705,32.91,48.041,179.096
Ateles,fuscicepes,Ateles_fusciceps,USNM,338115,1,Suspensory,17.791,106.301,23.285,175.839,12.424,82.032,179.028,102.117,185.343,154.799,621.287,112.168,102.783,19.913,35.611,42.235,174.61
Ateles,fuscicepes,Ateles_fusciceps,USNM,338113,2,Suspensory,19.463,99.962,20.654,172.778,14.257,69.369,220.604,127.193,237.137,219.536,804.47,110.857,111.375,22.086,39.822,50.108,184.696
Ateles,fuscicepes,Ateles_fusciceps,USNM,338114,2,Suspensory,17.393,103.946,24.487,184.492,17.355,69.435,171.993,103.997,169.02,165.589,610.599,105.487,99.892,20.608,46.068,42.877,193.067
Ateles,fuscicepes,Ateles_fusciceps,USNM,338116,2,Suspensory,16.966,111.603,22.164,189.447,15.603,77.316,169.296,100.948,162.49,143.116,575.85,110.715,94.381,18.761,37.511,44.985,191.361
Ateles,fusciceps,Ateles_fusciceps,USNM,338111,2,Suspensory,17.403,120.145,20.034,180.458,16.09,81.147,160.944,106.549,166.521,153.357,587.371,103.365,100.418,19.737,36.382,62.493,212.536
Ateles,geoffroyi,Ateles_geoffroyi,USNM,244863,2,Suspensory,17.336,106.663,20.563,171.304,13.763,75.509,170.829,110.42,203.248,168.217,652.714,111.216,106.212,19.508,37.226,53.407,189.293
Ateles,geoffroyi,Ateles_geoffroyi,USNM,244869,2,Suspensory,15.211,116.723,21.651,170.589,15.676,82.043,126.26,78.923,133.916,131.058,470.157,102.766,105.368,18.085,32.16,51.664,184.393
Ateles,geoffroyi,Ateles_geoffroyi,USNM,276631,2,Suspensory,17.322,119.215,19.698,173.867,15.837,81.646,162.61,110.04,183.693,154.209,610.552,109.372,103.079,19.969,34.532,53.05,190.805
Ateles,paniscus,Ateles_paniscus,ZMA,12517,1,Suspensory,19.608,107.803,28.302,208.655,16.323,80.501,228.281,149.346,193.065,193.677,764.369,105.656,91.789,23.238,38.947,59.636,239.473
Ateles,paniscus,Ateles_paniscus,ZMA,12518,1,Suspensory,19.497,112.863,25.395,203.119,18.061,78.988,217.533,143.094,188.2,204.123,752.95,98.91,96.263,23.342,33.684,42.95,194.942
Ateles,paniscus,Ateles_paniscus,AMNH,35449,1,Suspensory,16.26,118.444,18.604,176.504,15.091,82.237,143.119,102.388,118.871,131.16,495.538,92.956,95.471,20.094,26.269,62.267,197.393
Cebus,apella,Cebus_apella,AMNH,188035,1,Non,11.554,100.761,10.161,121.651,6.672,77.809,79.572,39.529,82.779,54.964,256.844,120.885,97.73,12.632,21.599,46.625,119.904
Cebus,apella,Cebus_apella,USNM,270361,1,Non,11.499,107.987,11.513,120.664,9.37,76.301,73.059,42.238,71.279,64.598,251.174,111.316,93.902,12.824,24.169,39.683,112.241
Cebus,apella,Cebus_apella,USNM,361020,1,Non,11.115,100.264,11.723,120.831,7.647,75.611,72.523,40.273,77.834,57.217,247.847,120.886,100.427,12.534,20.91,37.241,104.96
Cebus,apella,Cebus_apella,ZMA,12534,2,Non,9.399,106.748,10.628,106.532,8.755,74.023,50.502,31.401,46.358,37.683,165.944,112.873,93.464,10.812,22.559,34.078,93.093
Cebus,apella,Cebus_apella,ZMA,12536,2,Non,10.056,107.641,10.537,119.722,8.552,75.008,58.26,32.441,58.394,47.967,197.062,114.306,99.545,11.538,21.22,47.738,119.336
Cebus,apella,Cebus_apella,AMNH,188033,2,Non,11.258,111.681,9.301,117.546,6.784,83.233,73,36.299,73.357,65.102,247.758,110.643,104.237,11.962,24.754,48.192,120.549
Cebus,apella,Cebus_apella,USNM,270360,2,Non,9.88,105.516,8.169,111.232,6.981,74.024,56.273,29.854,56.094,44.269,186.49,119.394,95.03,10.872,20.331,41.971,101.349
Cebus,apella,Cebus_apella,USNM,547900,2,Non,9.48,103.604,10.665,105.215,7.538,73.901,50.964,26.869,53.975,38.257,170.065,122.099,94.952,10.357,17.185,39.468,93.254
Cebus,apella,Cebus_apella,USNM,547902,2,Non,9.9,108.78,9.636,118.525,8.231,74.918,57.954,36.509,55.658,49.872,199.993,110.027,98.666,11.538,23.465,43.453,114.784
Cercopithecus,mitis,Cercopithecus_mitis,USNM,452536,1,Non,14.158,101.073,13.578,154.724,12.118,65.098,121.418754,67.587476,123.536,91.321,403.86323,122.495,94.24,16.392,27.569,35.759,131.573
Cercopithecus,mitis,Cercopithecus_mitis,USNM,452538,1,Non,16.166,110.335,14.117,158.27,16.202,64.371,145.763411,61.05678,140,115.35769,462.177881,109.015,100.111,17.59,29.937,36.399,138.902
Cercopithecus,mitis,Cercopithecus_mitis,USNM,452547,1,Non,15.128,99.827,13.255,163.547,13.1,65.226,127.079645,68.032463,137.348722,114.417061,446.877891,114.046,99.344,17.089,34.428,34.185,139.178
Cercopithecus,mitis,Cercopithecus_mitis,USNM,452553,1,Non,15.694,103.679,17.087,162.363,15.116,64.234,154.765257,73.825861,158.054168,142.006894,528.65218,115.163,107.427,16.827,30.87,48.899,164.024
Cercopithecus,mitis,Cercopithecus_mitis,USNM,452531,2,Non,11.775,97.132,12.6,128.327,10.712,63.778,86.545,57.908,86.045,80.311,310.809,103.593,103.797,13.561,24.149,34.158,107.862
Cercopithecus,mitis,Cercopithecus_mitis,USNM,452537,2,Non,13.266,104.205,11.702,138.425,12.345,64.361,107.00417,69.44459,106.789,93.380265,373.165568,110.542,100.85,14.671,30.878,46.914,142.291
Cercopithecus,mitis,Cercopithecus_mitis,USNM,452546,2,Non,13.924,100.511,10.359,133.992,12.13,60.413,111.873737,59.306576,120.376837,107.385676,398.942826,114.207,101.822,14.707,30.542,38.807,122.662
Cercopithecus,mitis,Cercopithecus_mitis,USNM,452557,2,Non,12.754,90.246,11.5,133.972,10.429,58.605,97.597376,37.725936,99.951086,73.333661,308.608059,124.72,101.989,14.433,28.907,32.006,110.111
Colobus,guereza,Colobus_guereza,USNM,452619,1,Non,17.595,109.559,14.912,180.101,16.649,67.79,167.919,97.122,159.951,139.874,564.866,109.118,93.875,19.575,39.992,33.159,152.12
Colobus,guereza,Colobus_guereza,USNM,452620,1,Non,15.578,102.301,15.009,180.453,10.488,74.674,136.78,80.034,138,105,459.814,113.011,93.152,16.728,37.29,26.877,133.145
Colobus,guereza,Colobus_guereza,USNM,452617,2,Non,18.157,98.363,12.612,191.102,14.456,63.478,175,84.506,175.782,150.581,585.869,115.322,100.929,19.308,37.419,25.873,134.699
Colobus,guereza,Colobus_guereza,USNM,452632,2,Non,16.072,99.36,11.758,179.245,12.267,63.302,141.048,62.342,149.791,113.303,466.484,118.997,102.452,18.129,33.39,37.848,151.343
Colobus,guereza,Colobus_guereza,KNM,om3085,2,Non,17.142,107.841,14.179,181.828,13.376,69.382,158.4211,81.305461,166.928656,135.966336,542.621553,116.172,99.879,17.82,35.835,38.766,159.648
Erythrocebus,patas,Erythrocebus_patas,AMNH,34712,1,Non,17.014,107.683,14.744,178.738,18.438,64.434,182.203,114.749,162.48578,136.744,596.18178,108.907,93.072,18.416,35.731,19.194,117.11
Erythrocebus,patas,Erythrocebus_patas,USNM,238072,1,Non,17.751,95.027,17.009,183.877,18.42,62.566,178.683,83.834,177.761,134.433,574.711,119.146,98.848,18.919,37.768,17.644,117.113
Erythrocebus,patas,Erythrocebus_patas,USNM,399317,1,Non,18.769,107.317,17.062,200.178,22.08,64.411,198.067,93.456,192.536,153.013,637.072,110.924,102.093,20.877,45.406,29.574,161.702
Erythrocebus,patas,Erythrocebus_patas,USNM,257013,2,Non,15.166,95.724,14.801,154.51,11.365,67.298,130.155,66.569,150.885,119.746,467.355,120.268,105.269,16.238,31.925,33.85,130.263
Erythrocebus,patas,Erythrocebus_patas,ZSM,AP71,2,Non,15.011,103.307,13.91,138.299,15.663,61.184,132.9,77.502,136.838,123.332,470.572,111.974,99.977,16.73,33.022,38.685,132.337
Gorilla,beringei,Gorilla_beringei,USNM,395636,1,Excluded,49.762,110.229,64.392,311.374,45.303,76.513,1301.5,899.349,1486.496,1288.631,4975.976,108.983,102.884,53.518,113.389,35.118,336.057
Gorilla,beringei,Gorilla_beringei,USNM,397351,1,Excluded,49.307,119.241,71.588,307.087,61.388,77.524,1152.609,845.595,1253.168,1278.853,4530.225,94.481,104.532,53.775,122.209,23.982,307.699
Gorilla,beringei,Gorilla_beringei,USNM,545039,1,Excluded,48.333,104.051,64.659,314.778,38.804,75.465,1255.615,925.854,1307.747,1217.986,4707.202,103.839,97.213,52.966,110.542,21.17,269.251
Gorilla,beringei,Gorilla_beringei,USNM,396935,2,Excluded,40.947,115.18,50.807,266.001,44.907,73.718,823.645,617.293,854.013,796.45,3091.401,98.855,96.218,45.376,98.919,32.701,280.143
Gorilla,beringei,Gorilla_beringei,USNM,545042,2,Excluded,38.692,117.983,45.307,244.226,38.858,77.146,714.315,532.987,816.001,807.309,2870.612,96.843,104.168,42.427,96.742,38.805,280.747
Gorilla,beringei,Gorilla_beringei,USNM,545045,2,Excluded,40.548,107.162,48.427,267.578,39.253,71.26,814.97,583.82,905.466,781.746,3086.002,102.641,100.696,45.304,98.911,29.728,261.663
Gorilla,gorilla,Gorilla_gorilla_gorilla,CMNH,1057,1,Suspensory,47.784,113.468,61.915,305.141,48.538,77.795,1112.415243,645.493807,1324.067842,1228.857376,4310.834268,105.037,99.837,52.42,102.028,44.758,368.169
Gorilla,gorilla,Gorilla_gorilla_gorilla,CMNH,1407,1,Suspensory,54.882,100.398,61.915,342.107,41.977,71.986,1602.351,980.413,1817.797,1628.363,6028.924,105.367,102.996,62.764,114.939,29.83,333.596
Gorilla,gorilla,Gorilla_gorilla_gorilla,CMNH,1409,1,Suspensory,51.594,96.244,60.503,355.78,39.736,64.439,1453.600505,893.650502,1721.124341,1367.864283,5436.239631,113.504,94.002,57.145,103.69,45.012,393.736
Gorilla,gorilla,Gorilla_gorilla_gorilla,CMNH,1431,1,Suspensory,48.414,107.796,64.255,318.587,48.211,72.531,1239.395521,752.733363,1349.887,1305.77086,4647.786744,104.414,97.578,55.82,101.895,41.396,369.031
Gorilla,gorilla,Gorilla_gorilla_gorilla,CMNH,1728,1,Suspensory,56.498,111.167,68.803,327.133,62.7,67.76,1691.075634,1241.496,1889.308,1913.314,6735.193634,97.641,97.956,61.856,101.254,32.995,334.979
Gorilla,gorilla,Gorilla_gorilla_gorilla,CMNH,1731,1,Suspensory,46.978,87.784,58.946,336.351,28.904,66.582,1139.045,532.684,1481.840445,1224.947679,4378.517124,119.197,102.889,50.736,91.448,36.456,333.359
Gorilla,gorilla,Gorilla_gorilla_gorilla,CMNH,1732,1,Suspensory,49.674,105.124,66.263,315.842,48.171,69.582,1358.797994,763.530722,1528.237322,1411.144012,5061.71005,109.112,100.508,55.435,99.429,48.734,375.926
Gorilla,gorilla,Gorilla_gorilla_gorilla,CMNH,1733,1,Suspensory,52.476,85.458,67.428,350.466,29.69,65.167,1569.808,863.45,1709.4,1433.973,5576.631,113.121,101.915,59.51,119.132,37.289,357.827
Gorilla,gorilla,Gorilla_gorilla_gorilla,CMNH,1994,1,Suspensory,49.408,93.784,58.027,306.171,34.539,68.657,1261.397,721.562,1340.069,1245.381,4568.409,106.479,105.29,55.462,106.063,34.289,310.321
Gorilla,gorilla,Gorilla_gorilla_gorilla,USNM,174722,1,Suspensory,49.071,107.446,61.3,298.142,44.76,71.348,1211.692,639.598,1498.179,1226.373,4575.842,112.131,110.986,54.481,98.733,46.168,356.151
Gorilla,gorilla,Gorilla_gorilla_gorilla,CMNH,1423,2,Suspensory,40.26,91.392,46.408,288.812,27.968,66.341,865.552,490.539,928.805,715.093,2999.989,113.509,92.723,47.186,96.128,45.298,325.929
Gorilla,gorilla,Gorilla_gorilla_gorilla,CMNH,1710,2,Suspensory,40.418,109.177,44.386,278.673,34.586,74.991,813.22874,519.912503,923.403496,744.707269,3001.252008,106.614,98.776,45.172,84.07,52.984,339.693
Gorilla,gorilla,Gorilla_gorilla_gorilla,CMNH,1756,2,Suspensory,39.908,110.877,41.934,248.475,27.522,79.997,872.339342,600.388,996.760283,908.353026,3377.840651,111.397,103.38,45.052,88.026,52.362,312.59
Gorilla,gorilla,Gorilla_gorilla_gorilla,CMNH,1765,2,Suspensory,39.002,108.389,34.94,258.757,25.324,80.34,736.778,384.211,871.603,750.868,2743.46,111.795,110.853,43.846,81.008,50.022,302.513
Gorilla,gorilla,Gorilla_gorilla_gorilla,CMNH,1798,2,Suspensory,41.39,109.664,45.328,264.643,35.186,75.072,822.234,418.097,1068.259,966.14,3274.73,102.796,113.445,47.744,94.369,52.5,332.8
Gorilla,gorilla,Gorilla_gorilla_gorilla,CMNH,1806,2,Suspensory,39.342,104.727,53.3,262.258,41.526,69.044,717.098,389.128,826.443,763.841,2696.51,103.005,104.358,44.682,84.324,49.5,321.6
Gorilla,gorilla,Gorilla_gorilla_gorilla,CMNH,1846,2,Suspensory,39.742,108.46,51.419,283.324,32.988,77.607,844.101,410.662,1018.627,831.813,3105.203,115.811,108.182,44.324,79.578,41.568,298.97
Gorilla,gorilla,Gorilla_gorilla_gorilla,CMNH,1856,2,Suspensory,44.352,111.611,52.81,272.082,36.602,80.752,1058.70621,639.079296,1262.377019,1023.192442,3983.354967,111.919,104.038,48.978,93.219,55.902,358.085
Hylobates,lar,Hylobates_lar,ZSM,1918.37,1,Suspensory,14.633,120.906,18.64,181.618,15.674,81.322,111.092,97.993,110.319,119.709,439.113,89.156,94.249,18.572,36.578,55.716,203.661
Hylobates,lar,Hylobates_lar,MCZH,41427,1,Suspensory,15.068,114.244,20.374,179.54,14.893,80.474,134.083117,99.752707,125.567301,138.358742,497.761867,96.363,94.364,17.498,32.283,66.696,211.48
Hylobates,lar,Hylobates_lar,MCZH,41431,1,Suspensory,17.062,110.054,19.912,189.889,14.158,78.454,183.938,133.422,155.629,157.443,630.432,100.48,90.26,20.358,36.705,51.651,201.851
Hylobates,lar,Hylobates_lar,MCZH,41445,1,Suspensory,15.249,106.764,21.071,183.676,13.129,75.665,133.416,81.22,122.569,127.065,464.27,99.672,97.07,17.881,33.764,50.817,190.896
Hylobates,lar,Hylobates_lar,MCZH,41448,1,Suspensory,16.093,113.707,16.756,180.16,12.81,78.462,137.233,89.443,128.291,131.352,486.319,100.371,97.81,19.583,35.103,44.579,176.516
Hylobates,lar,Hylobates_lar,MCZH,41464,1,Suspensory,15.11,118.676,17.279,190.251,13.146,83.046,129.266716,92.692377,119.001057,123.560216,464.520366,99.929,95.844,18.466,38.109,51.785,203.084
Hylobates,lar,Hylobates_lar,MCZH,41484,1,Suspensory,16.631,106.329,17.702,186.457,10.998,79.179,154.761,113.793,154.365,152.738,575.657,99.929,95.844,19.206,35.411,67.271,218.109
Hylobates,lar,Hylobates_lar,ZSM,1918.38,2,Suspensory,17.124,129.708,22.363,182.128,18.186,92.513,165.079,135.719,150.969,170.586,622.353,99.929,95.844,20.471,37.769,62.815,221.411
Hylobates,lar,Hylobates_lar,MCZH,35950,2,Suspensory,15.041,120.239,17.197,170.746,14.223,82.867,122.254,98.515,119.818,124.026,464.613,96.78,95.027,18.28,35.929,60.736,199.39
Hylobates,lar,Hylobates_lar,MCZH,41412,2,Suspensory,15.587,109.864,17.504,187.669,10.95,82.148,145.119,88.068,132.079,134.946,500.212,102.424,97.999,19.09,38.49,51.87,200.353
Hylobates,lar,Hylobates_lar,MCZH,41414,2,Suspensory,15.802,119.798,18.142,190.395,15.41,81.339,138.281,98.077,122.014,132.143,490.515,97.692,94.2,18.704,39.857,68,231.003
Hylobates,lar,Hylobates_lar,MCZH,41419,2,Suspensory,17.774,126.03,20.469,190.358,18.045,85.448,175.284856,153.72455,159.377541,173.085934,661.472881,93.068,91.896,21.018,38.698,51.29,240.287
Hylobates,lar,Hylobates_lar,MCZH,41424,2,Suspensory,16.67,123.732,18.587,172.714,16.332,82.313,145.976723,97.975485,159.782,168.784,582.670402,98.166,103.16,19.176,37.385,65.21,209.355
Hylobates,lar,Hylobates_lar,MCZH,41440,2,Suspensory,15.21,130.337,19.955,175.675,14.28,94.078,128.023,75.255,123.866,131.506,458.65,102.98,104.119,17.158,32.244,63.957,206.22
Hylobates,lar,Hylobates_lar,MCZH,41442,2,Suspensory,16.928,125.105,20.814,184.456,16.692,86.35,179.881,136.489,151.841,165.02,633.231,92.52,95.608,19.276,39.41,66.627,225.823
Hylobates,lar,Hylobates_lar,MCZH,41494,2,Suspensory,15.754,114.891,16.304,182.333,11.821,83.453,144.98648,94.956728,141.115973,145.39148,526.450661,101.945,95.546,18.242,38.777,63.73,215.118
Hylobates,lar,Hylobates_lar,ZSM,1918.38a,2,Suspensory,15.473,110.054,24.184,205.908,16.359,76.01,123.517,107.142,129.31,144.094,504.063,89.652,101.347,18.973,38.011,47.375,209.621
Macaca,fascicularis,Macaca_fascicularis,MCZH,35611,1,Non,13.206,111.559,13.577,120.974,15.055,63.006,99.127836,48.2201,101.626252,79.505098,328.479286,115.664,95.13,14.687,27.572,44.751,124.772
Macaca,fascicularis,Macaca_fascicularis,MCZH,35619,1,Non,12.125,110.98,14.831,127.771,16.683,61.019,84.262,38.767,80.49,72.033,275.552,103.445,106.928,13.12,25.751,42.34,124.705
Macaca,fascicularis,Macaca_fascicularis,MCZH,35729,1,Non,13.5,112.54,12.14,124.52,15.42,60.93,100.18,50.36,101.74,81.34,333.63,114.96,91.65,14.175,26.338,43.254,122.58
Macaca,fascicularis,Macaca_fascicularis,MCZH,271168,1,Non,13.486,117.524,13.224,120.522,14.857,67.288,109.071,64.39,111.703,92.354,377.518,110.459,98.437,14.901,24.685,46.523,124.172
Macaca,fascicularis,Macaca_fascicularis,MCZH,35634,2,Non,10.772,109.723,11.828,119.86,12.064,66.576,68.189851,44.730236,68.600568,64.037,245.557655,105.213,99.541,12.28,25.087,49.619,124.881
Macaca,fascicularis,Macaca_fascicularis,MCZ,35652,2,Non,10.156,102.816,10.464,107.925,10.039,63.061,53.146,28.403,59.687,42.584,183.82,117.353,98.856,11.918,24.048,49.711,113.473
Macaca,fascicularis,Macaca_fascicularis,MCZH,35658,2,Non,9.99,108.452,9.425,109.432,11.015,65.043,60.9426,31.582709,59.335503,41.504231,193.365043,116.565,97.768,11.185,22.423,44.935,109.278
Macaca,fascicularis,Macaca_fascicularis,MCZH,35693,2,Non,9.654,104.202,9.107,102.497,10.256,61.778,55.052,28.163,54.05,43.953,181.218,111.016,96.323,10.862,24.06,39.912,99.997
Macaca,fascicularis,Macaca_fascicularis,MCZ,35724,2,Non,10.668,108.947,10.428,111.715,11.245,65.875,63.992,35.901,64.606,49.536,214.035,115.409,94.647,12.32,27.792,39.045,107.39
Macaca,fascicularis,Macaca_fascicularis,USNM,344989,2,Non,11.392,105.673,11.516,118.843,10.411,70.988,84.047,47.916,79.335,59.385,270.683,123.319,90.183,12.166,25.153,52.507,128.534
Macaca,nemestrina,Macaca_nemestrina,MCZH,35670,1,NA,16.358,109.112,18.111,180.536,19.494,64.142,160.990569,89.506817,153.99234,118.30522,522.794946,114.782,101.749,18.182,36.245,56.522,200.525
Macaca,nemestrina,Macaca_nemestrina,MCZH,35602,2,NA,15.296,114.46,16.592,159.304,14.567,74.275,126.086763,71.978665,136.349348,106.919521,441.334297,111.732,96.965,17.23,27.53,52.633,168.093
Macaca,nemestrina,Macaca_nemestrina,MCZH,35631,2,NA,15.06,104.87,15.295,149.258,11.981,71.646,130.212702,74.828267,128.383537,110.856123,444.280629,110.866,94.206,16.796,29.604,40.767,139.239
Macaca,nemestrina,Macaca_nemestrina,MCZH,35649,2,NA,15.3,113.693,14.171,161.702,14.42,73.528,142.582087,88.856967,134.217814,102.556826,468.213694,114.426,94.736,16.68,31.031,53.704,173.176
Macaca,nemestrina,Macaca_nemestrina,MCZH,35687,2,NA,14.764,108.357,12.23,146.897,12.261,69.279,124.601327,63.31657,128.844706,91.776105,408.538708,119.161,99.236,15.904,30.678,51.353,153.83
Macaca,nemestrina,Macaca_nemestrina,MCZH,37676,2,NA,15.166,98.077,13.482,157.927,12.091,63.189,131.293151,63.433188,134.310856,92.219394,421.256589,126.19,96.885,16.434,26.221,44.921,146.453
Nasalis,larvatus,Nasalis_larvatus,ZSM,1907.3027,1,Non,22.262,104.164,18.442,213.166,20.907,61.831,250.51,153.514,269.382,230.708,904.114,108.786,100.436,24.398,41.632,51.355,221.436
Nasalis,larvatus,Nasalis_larvatus,MCZH,37327,1,Non,21.596,114.152,21.85,221.975,22.509,70.146,271.051134,180.130709,284.4846,258.853383,994.519826,102.567,106.871,24.228,45.681,52.591,237.271
Nasalis,larvatus,Nasalis_larvatus,MCZH,37329,1,Non,22.182,106.97,20.642,221.075,23.119,62.629,279.585342,181.148367,272.912125,238.189222,971.835056,107.731,104.686,25.445,41.72,51.05,226.904
Nasalis,larvatus,Nasalis_larvatus,MCZH,37330,1,Non,23.568,104.676,21.101,226.369,19.552,67.468,331.825188,185.1643,328.355308,279.479234,1124.82403,111.243,104.773,27.272,45.095,47.566,226.569
Nasalis,larvatus,Nasalis_larvatus,MCZH,41557,1,Non,22.064,106.28,21.063,216.32,21.781,63.65,273.600245,171.541467,290.401187,259.511318,995.054217,109.379,101.63,25.578,38.667,43.878,199.651
Nasalis,larvatus,Nasalis_larvatus,MCZH,41561,1,Non,24.166,97.601,20.923,239.591,21.144,61.47,332.828,189.636,343.492,249.81,1115.766,117.033,102.087,27.131,48.564,39.82,215.166
Nasalis,larvatus,Nasalis_larvatus,MCZH,41563,1,Non,21.956,105.363,19.455,221.914,20.439,62.596,266.251,164.683,281.715,221.435,934.084,112.86,104.758,24.99,42.719,45.962,214.667
Nasalis,larvatus,Nasalis_larvatus,USNM,399070,1,Non,21.563,98.517,19.081,221.322,20.499,56.692,248.738,130.134,257.917,210.204,846.993,114.274,100.711,24.045,41.415,36.74,189.262
Nasalis,larvatus,Nasalis_larvatus,MCZH,37328,2,Non,22.798,98.677,23.04,244.319,21.795,59.039,295.643,176.415,297.695,215.17,984.923,115.388,94.068,26.448,41.991,41.688,217.387
Nasalis,larvatus,Nasalis_larvatus,MCZH,37331,2,Non,19.712,111.461,15.692,205.404,14.463,73.98,209.080638,142.181175,219.014991,190.359545,760.636349,105.527,105.518,22.55,38.877,55.465,217.448
Nasalis,larvatus,Nasalis_larvatus,MCZH,37337,2,Non,17.404,114.058,16.566,182.395,17.297,69.08,155.963695,115.763638,167.162687,134.612683,573.502703,105.387,102.557,19.77,34.91,42.743,169.934
Nasalis,larvatus,Nasalis_larvatus,MCZH,37339,2,Non,18.98,115.191,15.808,186.029,17.428,69.951,197.072181,135.220129,190.963639,183.18864,706.444589,104.266,99.003,21.774,37.668,44.652,182.098
Nasalis,larvatus,Nasalis_larvatus,MCZH,37343,2,Non,18.126,103.88,14.688,189.759,14.202,66.854,191.205478,109.169533,183.187126,149.400446,632.962583,111.567,99.939,20.084,35.251,51.177,192.633
Nasalis,larvatus,Nasalis_larvatus,MCZH,37344,2,Non,18.924,104.91,20.467,212.12,15.841,68.997,202.04759,124.351705,195.080606,150.820417,672.300318,111.849,98.092,21.586,41.342,44.92,204.425
Nasalis,larvatus,Nasalis_larvatus,MCZH,41554,2,Non,17.176,107.264,13.676,181.686,14.028,68.744,152.339308,94.89673,183.2111,139.688723,570.135861,111.215,106.276,19.618,35.758,45.109,174.233
Nasalis,larvatus,Nasalis_larvatus,MCZH,41555,2,Non,18.618,110.284,16.212,191.148,13.781,74.138,183.115678,127.002407,202.719323,149.155605,661.993013,109.936,96.669,20.632,36.615,35.588,161.691
Nasalis,larvatus,Nasalis_larvatus,MCZH,41559,2,Non,18.74,102.005,16.732,196.721,14.862,65.729,192.550715,107.442254,207.86124,165.423467,673.277676,114.785,104.202,21.124,38.553,41.458,178.846
Pan,paniscus,Pan_paniscus,MRAC,15294,1,Suspensory,30.17,118.186,34.06,253.564,31.168,76.105,487.745775,371.184815,495.470826,531.401416,1885.802832,98.212,106.281,33.21,57.207,66.026,313.31
Pan,paniscus,Pan_paniscus,MRAC,15295,1,Suspensory,30.37,111.338,35.262,250.357,28.805,76.772,464.197,298.549,520.345,500.059,1783.15,105.598,114.469,37.618,64.121,60.286,307.984
Pan,paniscus,Pan_paniscus,MRAC,27696,1,Suspensory,31.47,125.198,40.51,247.367,38.376,78.564,542.147799,420.250491,560.336237,525.674002,2048.408529,98.9,102.338,34.92,64.236,66.759,322.841
Pan,paniscus,Pan_paniscus,MRAC,27699,1,Suspensory,31.868,131.486,47.006,237.387,44.304,83.877,563.066376,484.314,538.698,582.369987,2168.976417,91.253,103.421,35.2,59.8,61.829,312.515
Pan,paniscus,Pan_paniscus,MRAC,29044,1,Suspensory,29.506,126.39,41.613,235.897,35.752,84.853,489.936467,388.21895,501.340345,465.284309,1844.780071,97.339,103.389,33.728,57.943,59.564,294.51
Pan,paniscus,Pan_paniscus,MRAC,15293,2,Suspensory,30.552,122.396,39.286,259.44,35.449,80.693,505.407,421.617,505.108,518.069,1950.201,95.855,96.727,33.328,69.846,61.021,330.176
Pan,paniscus,Pan_paniscus,MRAC,15296,2,Suspensory,33.104,130.139,44.11,252.906,44.098,81.611,547.517958,378.475101,566.13973,588.177422,2080.310211,97.27,108.929,35.26,66.848,58.871,324.168
Pan,paniscus,Pan_paniscus,MRAC,29035,2,Suspensory,29.71,119.111,32.33,253.409,28.243,80.9,525.484906,380.346148,521.152634,486.244146,1913.227834,106.076,99.366,33.082,63.504,59.829,309.481
Pan,paniscus,Pan_paniscus,MRAC,29040,2,Suspensory,32.948,127.239,42.901,253.203,44.312,75.978,603.730141,489.307456,656.601571,657.838018,2407.477186,98.931,107.187,37.804,70.581,62.427,330.825
Pan,paniscus,Pan_paniscus,MRAC,29042,2,Suspensory,30.164,115.389,32.356,244.757,27.035,80.534,532.788422,375.858399,548.239484,479.260866,1936.147171,108.445,98.58,33.386,63.329,62.674,305.091
Pan,paniscus,Pan_paniscus,MRAC,29045,2,Suspensory,30.732,113.056,37.344,253.796,29.772,75.89,541.619459,369.328649,585.538936,586.389883,2082.876927,103.101,108.921,34.75,71.664,57.285,312.895
Pan,troglodytes,Pan_troglodytes_troglodytes,CMNH,B1056,1,Suspensory,35.546,127.969,42.561,277.021,36.764,87.673,736.567,490.526,699.626,640.075,2566.794,102.924,96.963,39.581,69.932,54.295,335.031
Pan,troglodytes,Pan_troglodytes_troglodytes,CMNH,B1708,1,Suspensory,34.69,125.427,32.036,236.894,31.059,83.838,660.693,440.537,689.178,601.498,2391.906,105.504,97.739,39.311,65.543,61.991,305.549
Pan,troglodytes,Pan_troglodytes_troglodytes,CMNH,B1758,1,Suspensory,36.416,126.698,42.084,261.649,47.217,74.116,595.882,506.507,595.829,667.123,2365.341,92.185,96.932,41.301,71.697,52.786,318.137
Pan,troglodytes,Pan_troglodytes_troglodytes,CMNH,B1882,1,Suspensory,32.732,129.109,45.748,250.371,39.956,85.855,495.756,342.845,518.019,521.095,1877.715,99.096,99.815,39.757,74.169,45.499,292.44
Pan,troglodytes,Pan_troglodytes_troglodytes,CMNH,B2072,1,Suspensory,35.982,112.121,39.796,266.672,35.211,70.639,671.866,415.572,646.657,625.789,2359.884,103.844,94.059,41.948,76.437,43.601,292.148
Pan,troglodytes,Pan_troglodytes_troglodytes,CMNH,B2746,1,Suspensory,32.846,117.709,36.953,242.836,27.989,84.33,601.300896,396.517072,587.565356,571.582959,2156.966283,106.436,94.82,37.842,66.378,51.697,288.297
Pan,troglodytes,Pan_troglodytes_troglodytes,CMNH,B2747,1,Suspensory,32.148,119.467,36.07,249.656,29.202,85.56,537.523698,368.136458,559.902679,534.888832,2000.451667,103.569,102.717,35.913,64.667,45.679,277.311
Pan,troglodytes,Pan_troglodytes_troglodytes,CMNH,B3552,1,Suspensory,34.304,118.629,41.902,245.263,36.247,77.003,583.043,428.41,561.784,620.627,2193.864,95.27,97.938,39.876,79.447,42.061,277.414
Pan,troglodytes,Pan_troglodytes_troglodytes,USNM,176227,2,Suspensory,30.686,136.57,41.635,231.67,37.576,91.734,466.02,371.719,480.452,482.948,1801.139,95.677,96.796,35.557,64.988,58.499,298.447
Pan,troglodytes,Pan_troglodytes_troglodytes,CMNH,B1721,2,Suspensory,30.282,121.75,34.615,232.179,33.188,76.65,447.427,313.97,471.059,518.966,1751.422,93.971,106.585,35.834,68.867,52.833,283.082
Pan,troglodytes,Pan_troglodytes_troglodytes,CMNH,B1723,2,Suspensory,35.645,114.838,40.967,243.978,33.232,78.902,688.439,419.397,731.184,615.082,2454.102,109.031,99.858,40.839,75.819,53.159,302.885
Pan,troglodytes,Pan_troglodytes_troglodytes,CMNH,B1748,2,Suspensory,30.594,124.284,31.257,229.748,25.245,86.518,486.235,302.241,473.807,468.5,1730.783,105.931,103.762,36.56,68.663,54.997,280.488
Pan,troglodytes,Pan_troglodytes_troglodytes,CMNH,B1755,2,Suspensory,31.146,134.523,41.883,252.261,38.169,88.938,543.671,411.696,513.553,508.859,1977.779,101.076,94.254,35.13,68.3,61.461,325.083
Pan,troglodytes,Pan_troglodytes_troglodytes,CMNH,B1766,2,Suspensory,35.878,130.531,47.942,248.032,45.894,82.574,599.481496,407.361964,604.993008,558.88177,2170.718238,99.61,102.77,41.378,73.491,64.7,337.349
Pan,troglodytes,Pan_troglodytes_troglodytes,CMNH,B1770,2,Suspensory,30.279,119.884,35.602,227.715,33.972,76.574,469.923,332.537,436.762,422.91,1662.132,101.24,93.846,35.093,70.39,47.551,272.698
Pan,troglodytes,Pan_troglodytes_troglodytes,CMNH,B1843,2,Suspensory,34.016,113.221,46.645,254.904,33.29,79.053,524.211565,357.223002,531.770223,516.129838,1929.334628,102.568,100.509,37.744,74.265,49.995,307.61
Pan,troglodytes,Pan_troglodytes_troglodytes,CMNH,B3539,2,Suspensory,33.216,127.187,33.138,245.286,34.638,78.832,523.412,346.243,548.669,529.729,1948.053,100.318,99.525,38.728,80.556,51.686,303.014
Pan,troglodytes,Pan_troglodytes_troglodytes,CMNH,B3551,2,Suspensory,29.07,117.237,35.245,252.927,28.589,79.445,432.171,279.952,446.227,460.744,1619.094,100.075,104.571,32.32,67.524,54.697,305.288
Papio,anubis,Papio_anubis,USNM,354987,1,Non,23.73,107.292,21.637,231.799,28.326,58.802,272.094,127.799,324.222,276.024,1000.139,108.073,111.552,26.209,50.527,38.112,207.187
Papio,anubis,Papio_anubis,USNM,354989,1,Non,23.035,100.087,22.608,234.311,24.533,57.567,270.221,119.419,326.121,256.195,971.956,118.144,111.552,25.821,52.952,36.614,205.452
Papio,anubis,Papio_anubis,USNM,384229,1,Non,25.545,107.74,20.155,219.907,28.026,57.786,311.161,170.065,361.692,276.526,1119.444,111.429,101.104,28.768,58.977,41.459,218.611
Papio,anubis,Papio_anubis,USNM,384234,1,Non,25.653,102.413,20.231,237.127,25.044,60.909,354.587,181.373,383.591,274.394,1193.945,118.473,99.564,28.791,60.633,35.771,210.754
Papio,anubis,Papio_anubis,USNM,236976,2,Non,26.143,103.04,22.868,232.632,29.562,56.013,330.184,159.374,385.664,304.083,1179.305,113.469,107.462,28.626,56.628,37.973,215.162
Papio,anubis,Papio_anubis,USNM,384228,2,Non,22.922,100.71,19.479,204.703,22.322,60.844,262.443,146.032,296.519,266.207,971.201,106.519,108.285,25.353,49.911,26.522,157.353
Papio,anubis,Papio_anubis,USNM,384235,2,Non,21.281,95.827,20.216,202.612,19.805,59.857,238.819,130.026,265.11,223.745,857.7,113.39,102.677,24.162,46.077,25.519,151.129
Papio,anubis,Papio_anubis,USNM,395441,2,Non,20.644,94.213,16.926,193.722,15.626,62.492,221.744,117.379,249.977,190.081,779.181,115.562,103.631,22.551,47.03,27.736,151.201
Papio,anubis,Papio_anubis,USNM,495438,2,Non,20.891,103.204,18.568,204.638,20.47,61.792,250.652,130.966,278.188,230.246,890.052,113.342,107.967,22.838,47.258,43.534,201.576
Papio,cynocephalus,Papio_cynocephalus,USNM,452509,1,Non,23.616,97.851,27.615,224.067,25.572,57.893,261.526,141.157,316.208,281.396,1000.287,109.582,108.44,25.756,49.543,36.067,196.976
Papio,cynocephalus,Papio_cynocephalus,KNM,7254,2,Non,19.956,111.364,15.277,187.205,19.982,63.798,209.168354,107.339636,248.846677,228.929414,794.284081,110.863,108.179,22.128,41.351,29.712,145.443
Papio,cynocephalus,Papio_cynocephalus,KNM,7262,2,Non,20.084,110.41,17.146,190.918,20.299,63.522,200.579779,115.438317,218.959,216.325538,751.302634,102.119,104.725,22.236,44.11,33.393,166.077
Papio,cynocephalus,Papio_cynocephalus,KNM,7264,2,Non,18.854,102.601,17.326,191.673,18.792,60.603,203.50762,115.306709,230.794101,201.876565,751.484995,110.296,105.277,20.968,38.138,43.143,184.812
Papio,cynocephalus,Papio_cynocephalus,KNM,7276,2,Non,19.666,107.015,18.666,192.212,23.677,58.391,206.653,126.255,241.643593,234.253851,808.805444,104.239,110.143,21.502,42.566,48.109,201.859
Papio,cynocephalus,Papio_cynocephalus,KNM,7277,2,Non,19.648,101.932,14.789,191.619,19.07,58.584,217.760561,108.568457,237.250187,218.616548,782.195753,111.322,106.061,21.634,46.635,35.557,168.883
Papio,cynocephalus,Papio_cynocephalus,USNM,384238,2,Non,20.048,104.049,16.869,194.925,18.923,61.686,202.625,100.558,241.337,199.42,743.94,112.511,108.337,22.302,43.245,38.649,179.211
Papio,cynocephalus,Papio_cynocephalus,USNM,452508,2,Non,19.693,99.853,15.637,178.764,18.026,59.268,185.534,113.463,229.28,179.834,708.111,114.211,102.772,21.18,46.247,32.021,153.238
Pongo,abelii,Pongo_abelii,MCZ,50960,1,Suspensory,39.982,NA,NA,NA,NA,NA,NA,NA,NA,NA,3248.472,NA,NA,52.644,92.706,73.119,376.662
Pongo,abelii,Pongo_abelii,USNM,nm49855/143590,1,Suspensory,37.511,NA,NA,NA,NA,NA,NA,NA,NA,NA,2756.621,NA,NA,43.345,75.742,80.147,339.712
Pongo,abelii,Pongo_abelii,USNM,nm49859/143593,1,Suspensory,35.207,NA,NA,NA,NA,NA,NA,NA,NA,NA,2604.167,NA,NA,42.551,77.109,72.06,345.147
Pongo,abelii,Pongo_abelii,USNM,22937,2,Suspensory,30.459,NA,NA,NA,NA,NA,NA,NA,NA,NA,2034.483,NA,NA,33.081,65.346,81.49,281.039
Pongo,abelii,Pongo_abelii,USNM,49848/143596,2,Suspensory,30.215,NA,NA,NA,NA,NA,NA,NA,NA,NA,1932.95,NA,NA,35.199,58.806,72.037,287.366
Pongo,abelii,Pongo_abelii,USNM,nm49861/143602,2,Suspensory,30.511,NA,NA,NA,NA,NA,NA,NA,NA,NA,1889.603,NA,NA,37.055,67.684,72.372,288.489
Pongo,pygmaeus,Pongo_pygmaeus,CMNH,145301,1,Suspensory,40.304,NA,NA,NA,NA,NA,NA,NA,NA,NA,3149.058755,NA,NA,46.378,81.347,71.921,345.61
Pongo,pygmaeus,Pongo_pygmaeus,CMNH,145304,1,Suspensory,38.417,NA,NA,NA,NA,NA,NA,NA,NA,NA,3067.081,NA,NA,44.378,80.412,73.304,326.652
Pongo,pygmaeus,Pongo_pygmaeus,CMNH,145310,1,Suspensory,38.336,NA,NA,NA,NA,NA,NA,NA,NA,NA,3162.954,NA,NA,43.681,72.274,72.405,319.455
Pongo,pygmaeus,Pongo_pygmaeus,CMNH,153823,1,Suspensory,39.063,NA,NA,NA,NA,NA,NA,NA,NA,NA,3274.897,NA,NA,43.362,73.451,70.582,340.028
Pongo,pygmaeus,Pongo_pygmaeus,CMNH,B1444,1,Suspensory,37.514,NA,NA,NA,NA,NA,NA,NA,NA,NA,2816.808464,NA,NA,44.934,74.145,69,329.024
Pongo,pygmaeus,Pongo_pygmaeus,ZMA,4602,2,Suspensory,33.164,NA,NA,NA,NA,NA,NA,NA,NA,NA,2412.24,NA,NA,36.488,66.609,86.243,303.909
Pongo,pygmaeus,Pongo_pygmaeus,MCZH,37365,2,Suspensory,33.104,NA,NA,NA,NA,NA,NA,NA,NA,NA,2402.262,NA,NA,38.888,76.344,82.122,329.044
Pongo,pygmaeus,Pongo_pygmaeus,MCZ,50958,2,Suspensory,29.062,NA,NA,NA,NA,NA,NA,NA,NA,NA,1801.362,NA,NA,34.672,63.873,83.902,294.575
Pongo,pygmaeus,Pongo_pygmaeus,CMNH,145308,2,Suspensory,32.29,NA,NA,NA,NA,NA,NA,NA,NA,NA,2208.549983,NA,NA,38.34,75.615,73.974,296.278
Pongo,pygmaeus,Pongo_pygmaeus,CMNH,145309,2,Suspensory,30.454,NA,NA,NA,NA,NA,NA,NA,NA,NA,1837.713135,NA,NA,34.85,73.749,85.249,308.317
Pongo,pygmaeus,Pongo_pygmaeus,USNM,142169/49768,2,Suspensory,30.996,NA,NA,NA,NA,NA,NA,NA,NA,NA,2145.141,NA,NA,34.627,56.795,69.538,279.734
Pongo,pygmaeus,Pongo_pygmaeus,CMNH,B1030,2,Suspensory,29.832,NA,NA,NA,NA,NA,NA,NA,NA,NA,2011.329,NA,NA,34.37,67.876,73.848,289.058
Pongo,pygmaeus,Pongo_pygmaeus,CMNH,B1055,2,Suspensory,33.556,NA,NA,NA,NA,NA,NA,NA,NA,NA,2380.300498,NA,NA,38.257,63.495,65.206,267.538
Pongo,pygmaeus,Pongo_pygmaeus,CMNH,B1167,2,Suspensory,30.474,NA,NA,NA,NA,NA,NA,NA,NA,NA,1996.916855,NA,NA,39.454,71.233,76.196,292.435
Pongo,pygmaeus,Pongo_pygmaeus,CMNH,B1443,2,Suspensory,29.27,NA,NA,NA,NA,NA,NA,NA,NA,NA,1850.111514,NA,NA,34.882,62.01,60.342,277.812
Procolobus,badius,Piliocolobus_badius,PCM,m243,2,Non,16.398,110.153,12.067,173.216,12.144,73.914,157.43355,85.286045,146.177834,104.447594,493.345023,114.852,94.578,18.156,35.945,48.575,175.081
Procolobus,badius,Piliocolobus_badius,PCM,m261,2,Non,16.794,99.127,13.682,176.043,10.454,71.9,158.478636,77.270489,156.18847,112.755712,504.693307,120.205,99.978,19.132,38.138,34.491,147.626
Procolobus,badius,Piliocolobus_badius,PCM,m284,2,Non,15.074,92.53,13.622,177.704,9.23,68.27,125.884147,64.509758,131.612376,99.150136,421.156417,119.127,101.861,17.436,36.933,36.749,152.032
Procolobus,badius,Piliocolobus_badius,PCM,m286,2,Non,16.916,101.142,11.79,180.723,9.794,73.744,165,92.939625,156.061508,106.120967,520.1221,119.172,96.913,19.2,37.26,39.612,161.266
Pygathrix,nemaeus,Pygathrix_nemaeus,MCZ,36259,1,Excluded,19.954,99.681,18.146,215.221,15.341,64.433,201.392,93.933,223.246,181.78,700.351,114.758,102.458,22.606,38.16,52.538,217.55
Pygathrix,nemaeus,Pygathrix_nemaeus,AMNH,87255,1,Excluded,19.527,100.611,15.611,222.194,13.31,70.085,211.739,120.985,234.525,182.194,749.443,114.03,102.992,21.622,43.859,48.061,219.753
Pygathrix,nemaeus,Pygathrix_nemaeus,USNM,356576,1,Excluded,19.306,104.448,16.933,207.58,13.487,72.263,197.312,101.488,233.9,195.393,728.093,114.466,111.319,20.653,38.964,49.675,207.821
Pygathrix,nemaeus,Pygathrix_nemaeus,USNM,356577,1,Excluded,19.19,105.856,18.325,207.199,17.595,64.247,188.953,116.361,214.541,177.295,697.15,107.824,104.11,20.336,37.934,47.625,202.739
Pygathrix,nemaeus,Pygathrix_nemaeus,USNM,357628,1,Excluded,19.594,102.92,16.094,226.798,14.061,68.667,226.852902,125.044508,235.489883,213.074934,800.462227,110.995,106.996,21.457,35.731,62.561,243.472
Pygathrix,nemaeus,Pygathrix_nemaeus,AMNH,87256,2,Excluded,17.427,114.567,10.131,185.474,13.888,71.832,145.665,71.615,165.273,131.142,513.695,112.67,104.429,20.245,38.113,49.557,184.058
Pygathrix,nemaeus,Pygathrix_nemaeus,USNM,536409,2,Excluded,16.278,113.107,12.881,182.111,14.393,71.178,145.85,93.358,163.352,130.76,533.32,112.28,97.609,17.633,37.486,43.748,172.787
Rhinopithecus,roxellana,Rhinopithecus_roxellana,USNM,268887,1,Non,21.584,113.561,18.399,214.066,16.302,77.579,274.700314,146.99673,234.839545,207.552196,864.088785,111.92,99.376,22.118,42.138,42.873,200.427
Rhinopithecus,roxellana,Rhinopithecus_roxellana,AMNH,119648,2,Non,17.828,107.161,15.424,178.136,11.379,78.808,199.168578,124.364589,169.575379,140.509315,633.617861,110.675,96.341,19.864,36.98,40.51,167.404
Rhinopithecus,roxellana,Rhinopithecus_roxellana,USNM,268886,2,Non,18.753,112.624,15.273,171.045,16.595,71.33,184.999,84.583,189.622,146.41,605.614,112.956,104.71,20.211,42.087,40.399,86.122
Symphalangus,syndactylus,Symphalangus_syndactylus,ZSM,1904.131,1,Suspensory,20.815,112.989,22.885,180.996,17.524,75.779,241.674,168.028,241.744,241.083,892.529,101.142,94.458,25.282,45.972,50.452,202.343
Symphalangus,syndactylus,Symphalangus_syndactylus,ZSM,1905.61,1,Suspensory,19.466,116.937,19.611,166.041,14.453,83.273,233.705,161.299,218.954,194.382,808.34,105.587,93.05,24.13,44.302,64.527,209.46
Symphalangus,syndactylus,Symphalangus_syndactylus,ZSM,1906.161,1,Suspensory,21.776,115.092,25.036,199.578,20.013,76.847,269.703,192.263,270.273,265.674,997.913,100.67,100.264,25.155,46.028,51.565,222.601
Symphalangus,syndactylus,Symphalangus_syndactylus,ZSM,1907.677,1,Suspensory,20.914,111.912,25.832,196.638,16.799,82.37,250.666,172.032,232.491,234.958,890.147,101.387,100.126,26.434,53.238,53.937,230.856
Symphalangus,syndactylus,Symphalangus_syndactylus,ZSM,1908.3560,1,Suspensory,19.783,119.045,21.726,183.746,17.738,80.174,229.149,136.338,211.76,200.263,777.51,104.629,95.625,24.525,47.845,52.417,213.415
Symphalangus,syndactylus,Symphalangus_syndactylus,ZSM,1908.432,1,Suspensory,19.732,122.619,22.571,194.235,19.85,80.284,203.23,136.421,212.423,205.77,757.844,103.072,100.097,23.56,45.283,61.979,235.816
Symphalangus,syndactylus,Symphalangus_syndactylus,ZSM,1908.434,1,Suspensory,19.665,117.56,24.782,199.08,20.657,75.893,227.008,147.726,210.643,210.886,796.263,102.17,97.572,22.951,47.896,54.411,231.193
Symphalangus,syndactylus,Symphalangus_syndactylus,ZMA,5020,1,Suspensory,22.824,131.491,22.825,205.158,17.961,93.737,268.473,208.819,288.324,302.898,1068.514,93.459,101.103,26.042,51.187,66.701,259.405
Symphalangus,syndactylus,Symphalangus_syndactylus,ZMA,5021,1,Suspensory,20.691,110.86,23.047,181.111,18.896,71.456,250.766,160.255,237.645,252.825,901.491,101.337,101.038,24.826,45.817,64.685,222.145
Symphalangus,syndactylus,Symphalangus_syndactylus,USNM,141160/49746,1,Suspensory,22.787,121.301,26.575,192.23,21.522,81.83,270.969,201.92,258.123,281.144,1012.156,92.129,96.737,25.863,53.91,43.822,207.305
Symphalangus,syndactylus,Symphalangus_syndactylus,ZSM,1904.21,2,Suspensory,20.508,118.665,20.696,172.616,15.804,84.033,255.104,172.119,252.255,233.662,913.14,106.231,92.56,23.807,46.317,58.646,210.66
Symphalangus,syndactylus,Symphalangus_syndactylus,ZSM,1904.4,2,Suspensory,19.261,124.454,23.339,170.557,21.062,81.63,206.546,167.082,206.568,199.592,779.788,97.298,93.745,22.867,43.219,56.262,206.691
Symphalangus,syndactylus,Symphalangus_syndactylus,ZSM,1905.108,2,Suspensory,22.037,115.8,22.048,190.226,16.968,79.673,271.688,190.557,273.921,266.408,1002.574,103.558,98.839,25.198,49.699,45.497,203.891
Symphalangus,syndactylus,Symphalangus_syndactylus,ZSM,1905.60,2,Suspensory,18.491,114.974,17.546,166.186,12.839,82.294,182.665,127.498,199.998,207.637,717.798,97.181,108.141,22.045,43.564,56.481,197.26
Symphalangus,syndactylus,Symphalangus_syndactylus,ZSM,1908.3561,2,Suspensory,18.189,115.406,18.312,161.187,16.673,73.069,194.536,126.855,182.572,178.2,682.163,104.441,95.785,22.205,40.184,63.484,196.42
Symphalangus,syndactylus,Symphalangus_syndactylus,AMNH,106584,2,Suspensory,20.106,107.437,20.003,196.323,11.396,82.626,231.673,133.568,223.943,200.612,789.796,112.819,104.667,23.53,49.633,63.797,238.903
Symphalangus,syndactylus,Symphalangus_syndactylus,USNM,141161,2,Suspensory,19.728,116.575,19.461,178.92,14.993,83.025,224.327,166.548,205.046,210.552,806.473,99.189,93.407,23.648,46.402,53.667,207.205
Symphalangus,syndactylus,Symphalangus_syndactylus,USNM,141162,2,Suspensory,20.143,116.015,23.043,182.846,19.24,75.673,228.503,164.678,208.271,221.49,822.942,98.765,97.087,24.448,49.042,62.908,228.771
Symphalangus,syndactylus,Symphalangus_syndactylus,USNM,271048,2,Suspensory,18.203,116.066,22.136,184.329,16.503,81.524,195.586,142.695,178.443,167.933,684.657,103.22,89.715,22.562,42.007,55.805,212.846
Symphalangus,syndactylus,Symphalangus_syndactylus,USNM,395514,2,Suspensory,19.847,112.287,21.694,178.354,18.596,75.904,226.926,148.94,229.353,239.344,844.563,101.115,105.345,22.408,44.325,51.598,202.849
Symphalangus,syndactylus,Symphalangus_syndactylus,USNM,519573,2,Suspensory,20.256,126.61,24.663,187.112,18.771,88.979,227.741,173.786,230.031,236.912,868.47,98.184,99.693,21.962,46.806,60.152,228.696
Theropithecus,gelada,Theropithecus_gelada,ZMA,11341,1,Non,20.122,108.467,18.601,186.919,22.363,60.754,212.872,95.523,240.926,227.887,777.208,110.584,112.66,22.439,41.462,45.146,186.621
Theropithecus,gelada,Theropithecus_gelada,USNM,240885,1,Non,21.916,103.704,18.172,188.352,21.813,57.199,247.662,104.902,281.914,243.195,877.673,112.725,111.756,23.811,45.402,38.735,176.191
Theropithecus,gelada,Theropithecus_gelada,USNM,305107,1,Non,20.828,103.414,19.011,182.115,21.609,56.391,231.016,126.319,249.071,224.552,830.958,108.559,106.623,23.023,44.665,31.552,155.325
Theropithecus,gelada,Theropithecus_gelada,UZIA,8555,2,Non,18.224,99.819,14.286,153.992,16.706,60.277,169.767737,72.84535,191.459421,166.417034,600.489542,112.269,97.193,21.514,43.879,34.477,145.019
Theropithecus,gelada,Theropithecus_gelada,UZIA,9300,2,Non,17.726,113.958,14.8,164.332,17.962,65.518,170.816105,94.046842,184.544455,172.343819,621.751221,107.027,100.102,20.508,40.731,49.865,177.082
Theropithecus,gelada,Theropithecus_gelada,UZIA,10351,2,Non,18.15,115.693,14.976,165.084,18.417,66.221,196.843316,111.574124,196.723672,192.89689,698.038002,108.602,100.487,21.664,42.246,44.146,169.301
Theropithecus,gelada,Theropithecus_gelada,UZIA,12108,2,Non,20.236,110.84,16.519,166.973,20.26,64.881,206,97.504,253.382216,229.318055,786.204271,108.338,104.746,23.768,48.053,38.412,165.574
Theropithecus,gelada,Theropithecus_gelada,USNM,319992,2,Non,19.177,104.128,13.436,168.534,15.82,65.229,206.216,84.447,224.024,200.142,714.829,118.04,111.819,21.422,39.71,28.314,127.422
Theropithecus,gelada,Theropithecus_gelada,USNM,354990,2,Non,19.713,105.51,15.109,159.871,16.505,61.99,212.59,107.615,227.24,210.854,758.299,114.02,106.177,21.63,41.267,41.095,157.447
Trachypithecus,cristatus,Trachypithecus_cristatus,ZSM,1906.132,1,Non,14.787,106.091,14.061,166.569,13.805,65.042,108.92,60.183,122.802,94.025,385.93,114.135,101.102,16.873,28.773,40.86,147.299
Trachypithecus,cristatus,Trachypithecus_cristatus,ZSM,1907.705,1,Non,14.589,99.148,12.977,186.422,10.475,67.774,122.923,59.177,129.167,99.36,410.627,120.233,100.602,16.978,28.108,37.89,150.646
Trachypithecus,cristatus,Trachypithecus_cristatus,MCZH,35665,1,Non,15.306,110.571,11.955,161.163,13.615,68.772,142.848661,75.227523,130.568401,123.943921,472.588506,108.812,107.771,16.948,27.961,53.43,166.212
Trachypithecus,cristatus,Trachypithecus_cristatus,MCZH,35666,1,Non,15.838,109.048,11.434,175.467,13.152,68.736,132.075,72.621041,128.26,107.156137,440.112178,109.518,101.638,17.908,31.111,50.389,173.758
Trachypithecus,cristatus,Trachypithecus_cristatus,MCZH,35672,1,Non,14.086,108.289,13.571,165.166,12.635,70.168,113.576225,81.054543,107.061137,92.288399,393.980304,112.311,100.26,16.252,29.447,43.697,155.62
Trachypithecus,cristatus,Trachypithecus_cristatus,MCZH,35685,1,Non,14.796,109.664,12.229,159.201,14.249,67.694,116.664,66.726,118.425,104.834,406.649,106.452,105.451,16.337,31.554,42.171,149.212
Trachypithecus,cristatus,Trachypithecus_cristatus,MCZH,35690,1,Non,13.676,106.229,12.614,155.561,12.031,66.644,105.675171,65.601646,104.642194,92.653079,368.57209,111.282,106.344,15.476,27.567,38.128,133.471
Trachypithecus,cristatus,Trachypithecus_cristatus,USNM,49695,1,Non,14.983,107.91,14.237,169.46,14.717,66.618,116.808,63.912,131.644,110.171,422.535,112.3,103.848,16.453,29.334,46.017,161.714
Trachypithecus,cristatus,Trachypithecus_cristatus,ZSM,1906.147,2,Non,14.092,100.777,12.046,155.078,10.651,67.299,105.384,54.523,118.54,103.235,381.682,117.31,108.558,15.665,28.347,39.967,134.22
Trachypithecus,cristatus,Trachypithecus_cristatus,MCZH,35584,2,Non,14.112,107.339,10.396,163.798,11.77,68.278,110.14836,61.125706,110.150036,89.354459,370.778561,110.339,103.323,15.936,31.459,40.516,148.923
Trachypithecus,cristatus,Trachypithecus_cristatus,MCZH,35603,2,Non,14.236,110.365,12.542,155.688,13.009,69.409,120.610697,76.482299,116.822845,100.89712,414.812961,107.281,97.45,15.96,30.137,50.331,160.883
Trachypithecus,cristatus,Trachypithecus_cristatus,MCZH,35604,2,Non,14.81,114.841,11.734,156.309,13.227,72.577,110.916707,66.375743,115.404,104.121,396.81745,100.298,112.267,15.866,32.645,51.808,166.533
Trachypithecus,cristatus,Trachypithecus_cristatus,MCZ,35605,2,Non,14.963,110.473,13.358,164.077,11.762,73.473,119.623,77.542,118.242,93.775,409.182,109.192,90.046,17.177,33.429,42.297,155.197
Trachypithecus,cristatus,Trachypithecus_cristatus,MCZH,35610,2,Non,13.644,109.037,11.863,148.41,12.237,69.615,117.539,65.428,102.866,103.785463,389.618463,108.343,104.393,15.234,27.439,51.764,153.374
Trachypithecus,cristatus,Trachypithecus_cristatus,MCZH,35678,2,Non,14.342,109.792,12.111,161.534,10.585,75.482,117.073566,68.079105,119.380053,107.513587,412.046311,105.452,101.682,16.341,30.568,47.109,159.568
Trachypithecus,cristatus,Trachypithecus_cristatus,ZMA,42224,2,Non,13.218,109.029,11.222,147.773,11.203,70.164,94.074,52.129,100.337,90.612,337.152,112.346,104.156,14.6,26.283,47.23,144.373